en,ru,level,source
ability,способность,B1,User-provided list: b1-user.md
absent,отсутствующий,B1,User-provided list: b1-user.md
absolutely,абсолютно,B1,User-provided list: b1-user.md
accent,акцент,B1,User-provided list: b1-user.md
accept,принимать,B1,User-provided list: b1-user.md
acceptable,приемлемый,B1,User-provided list: b1-user.md
access,доступ,B1,User-provided list: b1-user.md
accommodation,жильё,B1,User-provided list: b1-user.md
accompany,сопровождать,B1,User-provided list: b1-user.md
according to,согласно,B1,User-provided list: b1-user.md
accountant,бухгалтер,B1,User-provided list: b1-user.md
accurate,точный,B1,User-provided list: b1-user.md
achieve,достигать,B1,User-provided list: b1-user.md
achievement,достижение,B1,User-provided list: b1-user.md
active,активный,B1,User-provided list: b1-user.md
actor,актёр,B1,User-provided list: b1-user.md
actually,на самом деле,B1,User-provided list: b1-user.md
advantage,преимущество,B1,User-provided list: b1-user.md
adventure,приключение,B1,User-provided list: b1-user.md
advertisement,реклама,B1,User-provided list: b1-user.md
affect,влиять,B1,User-provided list: b1-user.md
afford,позволить себе,B1,User-provided list: b1-user.md
aged,в возрасте,B1,User-provided list: b1-user.md
agent,агент,B1,User-provided list: b1-user.md
agreement,соглашение,B1,User-provided list: b1-user.md
aim,цель,B1,User-provided list: b1-user.md
alarm,"сигнализация, будильник",B1,User-provided list: b1-user.md
album,альбом,B1,User-provided list: b1-user.md
alcohol,алкоголь,B1,User-provided list: b1-user.md
amazed,изумлённый,B1,User-provided list: b1-user.md
ambition,амбиция,B1,User-provided list: b1-user.md
ambitious,амбициозный,B1,User-provided list: b1-user.md
analysis,анализ,B1,User-provided list: b1-user.md
announce,объявлять,B1,User-provided list: b1-user.md
announcement,объявление,B1,User-provided list: b1-user.md
annoyed,раздражённый,B1,User-provided list: b1-user.md
annual,ежегодный,B1,User-provided list: b1-user.md
anxiety,тревога,B1,User-provided list: b1-user.md
apologize,извиняться,B1,User-provided list: b1-user.md
application,"заявление, приложение",B1,User-provided list: b1-user.md
apply,подавать заявление,B1,User-provided list: b1-user.md
appointment,"встреча, запись",B1,User-provided list: b1-user.md
appreciate,ценить,B1,User-provided list: b1-user.md
approach,"подход, приближаться",B1,User-provided list: b1-user.md
appropriate,подходящий,B1,User-provided list: b1-user.md
argue,спорить,B1,User-provided list: b1-user.md
argument,"спор, аргумент",B1,User-provided list: b1-user.md
arrange,организовывать,B1,User-provided list: b1-user.md
arrangement,договорённость,B1,User-provided list: b1-user.md
assistant,помощник,B1,User-provided list: b1-user.md
atmosphere,атмосфера,B1,User-provided list: b1-user.md
attach,прикреплять,B1,User-provided list: b1-user.md
attention,внимание,B1,User-provided list: b1-user.md
attractive,привлекательный,B1,User-provided list: b1-user.md
average,средний,B1,User-provided list: b1-user.md
avoid,избегать,B1,User-provided list: b1-user.md
award,награда,B1,User-provided list: b1-user.md
aware,осведомлённый,B1,User-provided list: b1-user.md
background,"происхождение, фон",B1,User-provided list: b1-user.md
balance,баланс,B1,User-provided list: b1-user.md
ban,"запрещать, запрет",B1,User-provided list: b1-user.md
based,основанный,B1,User-provided list: b1-user.md
basic,основной,B1,User-provided list: b1-user.md
behave,вести себя,B1,User-provided list: b1-user.md
behaviour,поведение,B1,User-provided list: b1-user.md
benefit,"польза, преимущество",B1,User-provided list: b1-user.md
besides,кроме того,B1,User-provided list: b1-user.md
birth,рождение,B1,User-provided list: b1-user.md
blame,винить,B1,User-provided list: b1-user.md
block,блокировать,B1,User-provided list: b1-user.md
border,граница,B1,User-provided list: b1-user.md
breathe,дышать,B1,User-provided list: b1-user.md
breath,дыхание,B1,User-provided list: b1-user.md
brilliant,великолепный,B1,User-provided list: b1-user.md
budget,бюджет,B1,User-provided list: b1-user.md
calm,спокойный,B1,User-provided list: b1-user.md
campaign,кампания,B1,User-provided list: b1-user.md
cancel,отменять,B1,User-provided list: b1-user.md
career,карьера,B1,User-provided list: b1-user.md
cause,"причина, вызывать",B1,User-provided list: b1-user.md
challenge,"вызов, трудность",B1,User-provided list: b1-user.md
chance,шанс,B1,User-provided list: b1-user.md
character,"характер, персонаж",B1,User-provided list: b1-user.md
charge,"плата, заряжать",B1,User-provided list: b1-user.md
charity,благотворительность,B1,User-provided list: b1-user.md
choice,выбор,B1,User-provided list: b1-user.md
claim,"утверждать, требование",B1,User-provided list: b1-user.md
clue,подсказка,B1,User-provided list: b1-user.md
coach,тренер,B1,User-provided list: b1-user.md
colleague,коллега,B1,User-provided list: b1-user.md
comment,комментарий,B1,User-provided list: b1-user.md
communicate,общаться,B1,User-provided list: b1-user.md
community,сообщество,B1,User-provided list: b1-user.md
compete,соревноваться,B1,User-provided list: b1-user.md
competition,соревнование,B1,User-provided list: b1-user.md
complain,жаловаться,B1,User-provided list: b1-user.md
completely,полностью,B1,User-provided list: b1-user.md
concentrate,сосредотачиваться,B1,User-provided list: b1-user.md
conclusion,вывод,B1,User-provided list: b1-user.md
condition,"условие, состояние",B1,User-provided list: b1-user.md
confident,уверенный,B1,User-provided list: b1-user.md
confirm,подтверждать,B1,User-provided list: b1-user.md
connect,соединять,B1,User-provided list: b1-user.md
consider,"рассматривать, считать",B1,User-provided list: b1-user.md
contain,содержать,B1,User-provided list: b1-user.md
convenient,удобный,B1,User-provided list: b1-user.md
convince,убеждать,B1,User-provided list: b1-user.md
courage,смелость,B1,User-provided list: b1-user.md
crowded,переполненный,B1,User-provided list: b1-user.md
curious,любопытный,B1,User-provided list: b1-user.md
currently,в настоящее время,B1,User-provided list: b1-user.md
deal,иметь дело,B1,User-provided list: b1-user.md
decision,решение,B1,User-provided list: b1-user.md
decrease,уменьшаться,B1,User-provided list: b1-user.md
deep,глубокий,B1,User-provided list: b1-user.md
definitely,определённо,B1,User-provided list: b1-user.md
degree,"степень, градус",B1,User-provided list: b1-user.md
deliver,доставлять,B1,User-provided list: b1-user.md
demand,"требовать, спрос",B1,User-provided list: b1-user.md
department,отдел,B1,User-provided list: b1-user.md
describe,описывать,B1,User-provided list: b1-user.md
design,"дизайн, проектировать",B1,User-provided list: b1-user.md
destination,место назначения,B1,User-provided list: b1-user.md
detail,деталь,B1,User-provided list: b1-user.md
develop,развивать,B1,User-provided list: b1-user.md
development,развитие,B1,User-provided list: b1-user.md
device,устройство,B1,User-provided list: b1-user.md
disadvantage,недостаток,B1,User-provided list: b1-user.md
disappointed,разочарованный,B1,User-provided list: b1-user.md
distance,расстояние,B1,User-provided list: b1-user.md
divide,делить,B1,User-provided list: b1-user.md
document,документ,B1,User-provided list: b1-user.md
donate,жертвовать,B1,User-provided list: b1-user.md
double,"двойной, удваивать",B1,User-provided list: b1-user.md
download,скачивать,B1,User-provided list: b1-user.md
dramatic,драматичный,B1,User-provided list: b1-user.md
earn,зарабатывать,B1,User-provided list: b1-user.md
education,образование,B1,User-provided list: b1-user.md
effect,"эффект, влияние",B1,User-provided list: b1-user.md
effort,усилие,B1,User-provided list: b1-user.md
either,любой из двух,B1,User-provided list: b1-user.md
elderly,пожилой,B1,User-provided list: b1-user.md
emergency,чрезвычайная ситуация,B1,User-provided list: b1-user.md
employee,сотрудник,B1,User-provided list: b1-user.md
employer,работодатель,B1,User-provided list: b1-user.md
encourage,поощрять,B1,User-provided list: b1-user.md
energy,энергия,B1,User-provided list: b1-user.md
engine,двигатель,B1,User-provided list: b1-user.md
enormous,огромный,B1,User-provided list: b1-user.md
entertain,развлекать,B1,User-provided list: b1-user.md
entertainment,развлечение,B1,User-provided list: b1-user.md
environment,окружающая среда,B1,User-provided list: b1-user.md
equipment,оборудование,B1,User-provided list: b1-user.md
especially,особенно,B1,User-provided list: b1-user.md
essential,необходимый,B1,User-provided list: b1-user.md
eventually,в конце концов,B1,User-provided list: b1-user.md
examine,"осматривать, исследовать",B1,User-provided list: b1-user.md
exchange,обменивать,B1,User-provided list: b1-user.md
exist,существовать,B1,User-provided list: b1-user.md
expand,расширять,B1,User-provided list: b1-user.md
expect,ожидать,B1,User-provided list: b1-user.md
experience,"опыт, испытывать",B1,User-provided list: b1-user.md
experiment,эксперимент,B1,User-provided list: b1-user.md
expert,эксперт,B1,User-provided list: b1-user.md
explain,объяснять,B1,User-provided list: b1-user.md
explore,исследовать,B1,User-provided list: b1-user.md
express,выражать,B1,User-provided list: b1-user.md
expression,выражение,B1,User-provided list: b1-user.md
extra,дополнительный,B1,User-provided list: b1-user.md
extremely,чрезвычайно,B1,User-provided list: b1-user.md
face,сталкиваться,B1,User-provided list: b1-user.md
factor,фактор,B1,User-provided list: b1-user.md
fail,терпеть неудачу,B1,User-provided list: b1-user.md
fair,справедливый,B1,User-provided list: b1-user.md
familiar,знакомый,B1,User-provided list: b1-user.md
fashion,мода,B1,User-provided list: b1-user.md
feature,особенность,B1,User-provided list: b1-user.md
fee,плата,B1,User-provided list: b1-user.md
female,"женщина, женский",B1,User-provided list: b1-user.md
fiction,художественная литература,B1,User-provided list: b1-user.md
figure,"цифра, фигура",B1,User-provided list: b1-user.md
file,файл,B1,User-provided list: b1-user.md
financial,финансовый,B1,User-provided list: b1-user.md
firm,"фирма, твёрдый",B1,User-provided list: b1-user.md
fitness,физическая форма,B1,User-provided list: b1-user.md
foreign,иностранный,B1,User-provided list: b1-user.md
fortunately,к счастью,B1,User-provided list: b1-user.md
former,бывший,B1,User-provided list: b1-user.md
frighten,пугать,B1,User-provided list: b1-user.md
furniture,мебель,B1,User-provided list: b1-user.md
further,дальнейший,B1,User-provided list: b1-user.md
gain,"получать, приобретать",B1,User-provided list: b1-user.md
generous,щедрый,B1,User-provided list: b1-user.md
gentle,"мягкий, нежный",B1,User-provided list: b1-user.md
goal,цель,B1,User-provided list: b1-user.md
graduate,"выпускник, заканчивать университет",B1,User-provided list: b1-user.md
guilty,виноватый,B1,User-provided list: b1-user.md
habit,привычка,B1,User-provided list: b1-user.md
harm,"вред, вредить",B1,User-provided list: b1-user.md
hesitate,колебаться,B1,User-provided list: b1-user.md
honest,честный,B1,User-provided list: b1-user.md
horrible,ужасный,B1,User-provided list: b1-user.md
however,однако,B1,User-provided list: b1-user.md
ideal,идеальный,B1,User-provided list: b1-user.md
identify,"определять, узнавать",B1,User-provided list: b1-user.md
ignore,игнорировать,B1,User-provided list: b1-user.md
imagine,представлять,B1,User-provided list: b1-user.md
impact,влияние,B1,User-provided list: b1-user.md
improve,улучшать,B1,User-provided list: b1-user.md
include,включать,B1,User-provided list: b1-user.md
increase,увеличивать,B1,User-provided list: b1-user.md
independent,независимый,B1,User-provided list: b1-user.md
individual,отдельный человек,B1,User-provided list: b1-user.md
influence,"влияние, влиять",B1,User-provided list: b1-user.md
inform,информировать,B1,User-provided list: b1-user.md
injured,раненый,B1,User-provided list: b1-user.md
instead,вместо,B1,User-provided list: b1-user.md
intelligent,умный,B1,User-provided list: b1-user.md
intend,намереваться,B1,User-provided list: b1-user.md
international,международный,B1,User-provided list: b1-user.md
interview,интервью,B1,User-provided list: b1-user.md
introduce,представлять,B1,User-provided list: b1-user.md
invent,изобретать,B1,User-provided list: b1-user.md
invention,изобретение,B1,User-provided list: b1-user.md
invite,приглашать,B1,User-provided list: b1-user.md
involve,"включать, вовлекать",B1,User-provided list: b1-user.md
issue,"вопрос, проблема",B1,User-provided list: b1-user.md
item,"предмет, пункт",B1,User-provided list: b1-user.md
judge,"судья, судить",B1,User-provided list: b1-user.md
knowledge,знание,B1,User-provided list: b1-user.md
lack,"недостаток, испытывать недостаток",B1,User-provided list: b1-user.md
landscape,пейзаж,B1,User-provided list: b1-user.md
law,закон,B1,User-provided list: b1-user.md
legal,законный,B1,User-provided list: b1-user.md
lend,одалживать,B1,User-provided list: b1-user.md
lifestyle,образ жизни,B1,User-provided list: b1-user.md
limit,"ограничивать, предел",B1,User-provided list: b1-user.md
local,местный,B1,User-provided list: b1-user.md
locate,находить,B1,User-provided list: b1-user.md
location,местоположение,B1,User-provided list: b1-user.md
lonely,одинокий,B1,User-provided list: b1-user.md
luxury,роскошь,B1,User-provided list: b1-user.md
majority,большинство,B1,User-provided list: b1-user.md
manage,"справляться, управлять",B1,User-provided list: b1-user.md
market,рынок,B1,User-provided list: b1-user.md
material,материал,B1,User-provided list: b1-user.md
mature,зрелый,B1,User-provided list: b1-user.md
measure,"измерять, мера",B1,User-provided list: b1-user.md
mention,упоминать,B1,User-provided list: b1-user.md
method,метод,B1,User-provided list: b1-user.md
minor,незначительный,B1,User-provided list: b1-user.md
misunderstand,неправильно понимать,B1,User-provided list: b1-user.md
natural,естественный,B1,User-provided list: b1-user.md
necessary,необходимый,B1,User-provided list: b1-user.md
negative,отрицательный,B1,User-provided list: b1-user.md
nervous,нервный,B1,User-provided list: b1-user.md
notice,"замечать, объявление",B1,User-provided list: b1-user.md
occasion,"случай, повод",B1,User-provided list: b1-user.md
offer,"предлагать, предложение",B1,User-provided list: b1-user.md
ordinary,обычный,B1,User-provided list: b1-user.md
organize,организовывать,B1,User-provided list: b1-user.md
original,"оригинальный, первоначальный",B1,User-provided list: b1-user.md
outcome,результат,B1,User-provided list: b1-user.md
participate,участвовать,B1,User-provided list: b1-user.md
particular,"конкретный, особенный",B1,User-provided list: b1-user.md
patient,"терпеливый, пациент",B1,User-provided list: b1-user.md
pattern,"образец, шаблон",B1,User-provided list: b1-user.md
perform,"выполнять, выступать",B1,User-provided list: b1-user.md
permission,разрешение,B1,User-provided list: b1-user.md
personality,личность,B1,User-provided list: b1-user.md
persuade,убеждать,B1,User-provided list: b1-user.md
physical,физический,B1,User-provided list: b1-user.md
pleased,довольный,B1,User-provided list: b1-user.md
point,"точка, смысл",B1,User-provided list: b1-user.md
pollution,загрязнение,B1,User-provided list: b1-user.md
population,население,B1,User-provided list: b1-user.md
position,"положение, должность",B1,User-provided list: b1-user.md
possibility,возможность,B1,User-provided list: b1-user.md
powerful,могущественный,B1,User-provided list: b1-user.md
practical,практичный,B1,User-provided list: b1-user.md
predict,предсказывать,B1,User-provided list: b1-user.md
prefer,предпочитать,B1,User-provided list: b1-user.md
prepare,готовить,B1,User-provided list: b1-user.md
pressure,давление,B1,User-provided list: b1-user.md
prevent,предотвращать,B1,User-provided list: b1-user.md
previous,предыдущий,B1,User-provided list: b1-user.md
private,частный,B1,User-provided list: b1-user.md
process,процесс,B1,User-provided list: b1-user.md
produce,производить,B1,User-provided list: b1-user.md
product,"продукт, товар",B1,User-provided list: b1-user.md
professional,профессиональный,B1,User-provided list: b1-user.md
progress,прогресс,B1,User-provided list: b1-user.md
project,проект,B1,User-provided list: b1-user.md
promise,"обещать, обещание",B1,User-provided list: b1-user.md
provide,обеспечивать,B1,User-provided list: b1-user.md
public,общественный,B1,User-provided list: b1-user.md
publish,публиковать,B1,User-provided list: b1-user.md
purpose,цель,B1,User-provided list: b1-user.md
quality,качество,B1,User-provided list: b1-user.md
quantity,количество,B1,User-provided list: b1-user.md
realize,осознавать,B1,User-provided list: b1-user.md
reason,причина,B1,User-provided list: b1-user.md
receive,получать,B1,User-provided list: b1-user.md
recent,недавний,B1,User-provided list: b1-user.md
recognize,узнавать,B1,User-provided list: b1-user.md
recommend,рекомендовать,B1,User-provided list: b1-user.md
reduce,уменьшать,B1,User-provided list: b1-user.md
refer,"ссылаться, относиться",B1,User-provided list: b1-user.md
refuse,отказываться,B1,User-provided list: b1-user.md
region,регион,B1,User-provided list: b1-user.md
regret,сожалеть,B1,User-provided list: b1-user.md
relationship,отношения,B1,User-provided list: b1-user.md
remain,оставаться,B1,User-provided list: b1-user.md
remove,удалять,B1,User-provided list: b1-user.md
repair,ремонтировать,B1,User-provided list: b1-user.md
replace,заменять,B1,User-provided list: b1-user.md
reply,отвечать,B1,User-provided list: b1-user.md
report,"сообщать, отчёт",B1,User-provided list: b1-user.md
request,"просьба, просить",B1,User-provided list: b1-user.md
require,требовать,B1,User-provided list: b1-user.md
research,исследование,B1,User-provided list: b1-user.md
respond,"отвечать, реагировать",B1,User-provided list: b1-user.md
responsibility,ответственность,B1,User-provided list: b1-user.md
result,результат,B1,User-provided list: b1-user.md
review,"обзор, повторять",B1,User-provided list: b1-user.md
risk,"риск, рисковать",B1,User-provided list: b1-user.md
routine,распорядок,B1,User-provided list: b1-user.md
rubbish,мусор,B1,User-provided list: b1-user.md
salary,зарплата,B1,User-provided list: b1-user.md
satisfy,удовлетворять,B1,User-provided list: b1-user.md
schedule,расписание,B1,User-provided list: b1-user.md
secret,секрет,B1,User-provided list: b1-user.md
separate,"отдельный, разделять",B1,User-provided list: b1-user.md
serious,серьёзный,B1,User-provided list: b1-user.md
several,несколько,B1,User-provided list: b1-user.md
similar,похожий,B1,User-provided list: b1-user.md
simply,просто,B1,User-provided list: b1-user.md
skill,навык,B1,User-provided list: b1-user.md
society,общество,B1,User-provided list: b1-user.md
solution,решение,B1,User-provided list: b1-user.md
source,источник,B1,User-provided list: b1-user.md
specific,конкретный,B1,User-provided list: b1-user.md
speech,речь,B1,User-provided list: b1-user.md
standard,стандарт,B1,User-provided list: b1-user.md
suggest,предлагать,B1,User-provided list: b1-user.md
suitable,подходящий,B1,User-provided list: b1-user.md
support,поддерживать,B1,User-provided list: b1-user.md
suppose,предполагать,B1,User-provided list: b1-user.md
surprise,"удивлять, сюрприз",B1,User-provided list: b1-user.md
survive,выживать,B1,User-provided list: b1-user.md
temperature,температура,B1,User-provided list: b1-user.md
temporary,временный,B1,User-provided list: b1-user.md
term,"срок, термин",B1,User-provided list: b1-user.md
text,текст,B1,User-provided list: b1-user.md
therefore,поэтому,B1,User-provided list: b1-user.md
though,хотя,B1,User-provided list: b1-user.md
threaten,угрожать,B1,User-provided list: b1-user.md
traditional,традиционный,B1,User-provided list: b1-user.md
treatment,"лечение, обращение",B1,User-provided list: b1-user.md
typical,типичный,B1,User-provided list: b1-user.md
unemployed,безработный,B1,User-provided list: b1-user.md
unfortunately,к сожалению,B1,User-provided list: b1-user.md
union,союз,B1,User-provided list: b1-user.md
unless,если не,B1,User-provided list: b1-user.md
unusual,необычный,B1,User-provided list: b1-user.md
update,обновлять,B1,User-provided list: b1-user.md
upload,загружать,B1,User-provided list: b1-user.md
useful,полезный,B1,User-provided list: b1-user.md
variety,разнообразие,B1,User-provided list: b1-user.md
victim,жертва,B1,User-provided list: b1-user.md
view,"вид, мнение",B1,User-provided list: b1-user.md
waste,"отходы, тратить впустую",B1,User-provided list: b1-user.md
wealth,богатство,B1,User-provided list: b1-user.md
whole,весь,B1,User-provided list: b1-user.md
wild,дикий,B1,User-provided list: b1-user.md
willing,"готовый, желающий",B1,User-provided list: b1-user.md
wonder,"интересоваться, удивляться",B1,User-provided list: b1-user.md
worried,обеспокоенный,B1,User-provided list: b1-user.md
worth,"стоящий, ценность",B1,User-provided list: b1-user.md
complaint,жалоба,B1,User-provided list: b1-user.md
concentration,концентрация,B1,User-provided list: b1-user.md
confidence,уверенность,B1,User-provided list: b1-user.md
connection,связь,B1,User-provided list: b1-user.md
conversation,разговор,B1,User-provided list: b1-user.md
description,описание,B1,User-provided list: b1-user.md
difference,разница,B1,User-provided list: b1-user.md
direction,направление,B1,User-provided list: b1-user.md
discussion,обсуждение,B1,User-provided list: b1-user.md
explanation,объяснение,B1,User-provided list: b1-user.md
information,информация,B1,User-provided list: b1-user.md
invitation,приглашение,B1,User-provided list: b1-user.md
improvement,улучшение,B1,User-provided list: b1-user.md
movement,движение,B1,User-provided list: b1-user.md
preparation,подготовка,B1,User-provided list: b1-user.md
