en,ru,level,source,source_url
consider,рассматривать,ungraded,WikDict,https://en.wiktionary.org/wiki/consider
minute,крошечный,ungraded,Vocoby,https://www.vocabulary.com/lists/52473
accord,согласие,ungraded,Vocoby,https://www.vocabulary.com/lists/52473
evident,очевидный,ungraded,WikDict,https://en.wiktionary.org/wiki/evident
practice,практика,ungraded,WikDict,https://en.wiktionary.org/wiki/practice
intend,намереваться,ungraded,WikDict,https://en.wiktionary.org/wiki/intend
concern,касаться,ungraded,WikDict,https://en.wiktionary.org/wiki/concern
commit,совершать,ungraded,Vocoby,https://www.vocabulary.com/lists/52473
issue,вопрос,ungraded,WikDict,https://en.wiktionary.org/wiki/issue
approach,приближаться,ungraded,WikDict,https://en.wiktionary.org/wiki/approach
establish,установить,ungraded,WikDict,https://en.wiktionary.org/wiki/establish
utter,полный,ungraded,Vocoby,https://www.vocabulary.com/lists/52473
conduct,вести,ungraded,WikDict,https://en.wiktionary.org/wiki/conduct
engage,занимать внимание,ungraded,Vocoby,https://www.vocabulary.com/lists/52473
obtain,добывать,ungraded,WikDict,https://en.wiktionary.org/wiki/obtain
scarce,скудный,ungraded,WikDict,https://en.wiktionary.org/wiki/scarce
policy,политический курс,ungraded,Vocoby,https://www.vocabulary.com/lists/52473
straight,подряд,ungraded,Vocoby,https://www.vocabulary.com/lists/52473
stock,акционерный капитал,ungraded,Vocoby,https://www.vocabulary.com/lists/52473
apparent,очевидный,ungraded,WikDict,https://en.wiktionary.org/wiki/apparent
property,свойство,ungraded,Vocoby,https://www.vocabulary.com/lists/52473
fancy,воображать,ungraded,Vocoby,https://www.vocabulary.com/lists/52473
concept,концепция,ungraded,WikDict,https://en.wiktionary.org/wiki/concept
court,суд,ungraded,WikDict,https://en.wiktionary.org/wiki/court
appoint,назначать,ungraded,WikDict,https://en.wiktionary.org/wiki/appoint
passage,отрывок,ungraded,Vocoby,https://www.vocabulary.com/lists/52473
vain,бесплодный,ungraded,WikDict,https://en.wiktionary.org/wiki/vain
instance,случай,ungraded,Vocoby,https://www.vocabulary.com/lists/52473
coast,побережье,ungraded,WikDict,https://en.wiktionary.org/wiki/coast
project,план,ungraded,WikDict,https://en.wiktionary.org/wiki/project
commission,комиссия,ungraded,WikDict,https://en.wiktionary.org/wiki/commission
constant,константа,ungraded,WikDict,https://en.wiktionary.org/wiki/constant
circumstances,обстоятельства,ungraded,Vocoby,https://www.vocabulary.com/lists/52473
constitute,составлять,ungraded,Vocoby,https://www.vocabulary.com/lists/52473
level,уровень,ungraded,WikDict,https://en.wiktionary.org/wiki/level
affect,влиять,ungraded,Vocoby,https://www.vocabulary.com/lists/52473
institute,учреждать,ungraded,Vocoby,https://www.vocabulary.com/lists/52473
render,придавать,ungraded,Vocoby,https://www.vocabulary.com/lists/52473
appeal,привлекать,ungraded,Vocoby,https://www.vocabulary.com/lists/52473
generate,генерировать,ungraded,WikDict,https://en.wiktionary.org/wiki/generate
theory,теория,ungraded,WikDict,https://en.wiktionary.org/wiki/theory
range,ассортимент,ungraded,WikDict,https://en.wiktionary.org/wiki/range
campaign,кампания,ungraded,WikDict,https://en.wiktionary.org/wiki/campaign
league,лига,ungraded,WikDict,https://en.wiktionary.org/wiki/league
labor,труд,ungraded,Vocoby,https://www.vocabulary.com/lists/52473
confer,совещаться,ungraded,Vocoby,https://www.vocabulary.com/lists/52473
grant,предоставлять,ungraded,Vocoby,https://www.vocabulary.com/lists/52473
dwell,подробно останавливаться,ungraded,Vocoby,https://www.vocabulary.com/lists/52473
entertain,забавлять,ungraded,WikDict,https://en.wiktionary.org/wiki/entertain
contract,договор,ungraded,Vocoby,https://www.vocabulary.com/lists/52473
earnest,серьёзный,ungraded,WikDict,https://en.wiktionary.org/wiki/earnest
yield,приносить,ungraded,Vocoby,https://www.vocabulary.com/lists/52473
wander,блуждать,ungraded,WikDict,https://en.wiktionary.org/wiki/wander
insist,настаивать,ungraded,WikDict,https://en.wiktionary.org/wiki/insist
knight,рыцарь,ungraded,Vocoby,https://www.vocabulary.com/lists/52473
convince,убеждать,ungraded,WikDict,https://en.wiktionary.org/wiki/convince
inspire,вдохновлять,ungraded,WikDict,https://en.wiktionary.org/wiki/inspire
convention,обычай,ungraded,Vocoby,https://www.vocabulary.com/lists/52473
skill,умение,ungraded,WikDict,https://en.wiktionary.org/wiki/skill
harry,изводить,ungraded,Vocoby,https://www.vocabulary.com/lists/52473
financial,финансовый,ungraded,WikDict,https://en.wiktionary.org/wiki/financial
reflect,отражать,ungraded,WikDict,https://en.wiktionary.org/wiki/reflect
novel,новый,ungraded,Vocoby,https://www.vocabulary.com/lists/52473
furnish,предоставлять,ungraded,Vocoby,https://www.vocabulary.com/lists/52473
compel,заставлять,ungraded,WikDict,https://en.wiktionary.org/wiki/compel
venture,отваживаться,ungraded,WikDict,https://en.wiktionary.org/wiki/venture
territory,территория,ungraded,WikDict,https://en.wiktionary.org/wiki/territory
temper,нрав,ungraded,WikDict,https://en.wiktionary.org/wiki/temper
bent,склонность,ungraded,Vocoby,https://www.vocabulary.com/lists/52473
intimate,близкий,ungraded,Vocoby,https://www.vocabulary.com/lists/52473
undertake,предпринимать,ungraded,WikDict,https://en.wiktionary.org/wiki/undertake
majority,большинство,ungraded,WikDict,https://en.wiktionary.org/wiki/majority
assert,отстаивать,ungraded,WikDict,https://en.wiktionary.org/wiki/assert
crew,экипаж,ungraded,WikDict,https://en.wiktionary.org/wiki/crew
chamber,комната,ungraded,Vocoby,https://www.vocabulary.com/lists/52473
humble,скромный,ungraded,WikDict,https://en.wiktionary.org/wiki/humble
scheme,план,ungraded,WikDict,https://en.wiktionary.org/wiki/scheme
keen,острый,ungraded,WikDict,https://en.wiktionary.org/wiki/keen
liberal,щедрый,ungraded,Vocoby,https://www.vocabulary.com/lists/52473
despair,безнадёжность,ungraded,WikDict,https://en.wiktionary.org/wiki/despair
tide,прилив,ungraded,WikDict,https://en.wiktionary.org/wiki/tide
attitude,отношение,ungraded,WikDict,https://en.wiktionary.org/wiki/attitude
justify,оправдывать,ungraded,Vocoby,https://www.vocabulary.com/lists/52473
flag,флаг,ungraded,WikDict,https://en.wiktionary.org/wiki/flag
merit,заслуживать,ungraded,WikDict,https://en.wiktionary.org/wiki/merit
manifest,очевидный,ungraded,WikDict,https://en.wiktionary.org/wiki/manifest
notion,понятие,ungraded,WikDict,https://en.wiktionary.org/wiki/notion
scale,масштаб,ungraded,Vocoby,https://www.vocabulary.com/lists/52473
formal,формальный,ungraded,WikDict,https://en.wiktionary.org/wiki/formal
resource,запас,ungraded,WikDict,https://en.wiktionary.org/wiki/resource
persist,упорствовать,ungraded,Vocoby,https://www.vocabulary.com/lists/52473
contempt,презрение,ungraded,WikDict,https://en.wiktionary.org/wiki/contempt
tour,тур,ungraded,WikDict,https://en.wiktionary.org/wiki/tour
plead,защищать,ungraded,WikDict,https://en.wiktionary.org/wiki/plead
weigh,взвешивать,ungraded,Vocoby,https://www.vocabulary.com/lists/52473
mode,способ,ungraded,Vocoby,https://www.vocabulary.com/lists/52473
distinction,различие,ungraded,WikDict,https://en.wiktionary.org/wiki/distinction
inclined,предрасположенный,ungraded,WikDict,https://en.wiktionary.org/wiki/inclined
attribute,свойство,ungraded,Vocoby,https://www.vocabulary.com/lists/52473
exert,прилагать,ungraded,Vocoby,https://www.vocabulary.com/lists/52473
oppress,притеснять,ungraded,WikDict,https://en.wiktionary.org/wiki/oppress
contend,соперничать,ungraded,WikDict,https://en.wiktionary.org/wiki/contend
stake,доля участия,ungraded,Vocoby,https://www.vocabulary.com/lists/52473
toil,труд,ungraded,WikDict,https://en.wiktionary.org/wiki/toil
perish,погибать,ungraded,Vocoby,https://www.vocabulary.com/lists/52473
disposition,нрав,ungraded,WikDict,https://en.wiktionary.org/wiki/disposition
rail,рельс,ungraded,WikDict,https://en.wiktionary.org/wiki/rail
cardinal,главный,ungraded,Vocoby,https://www.vocabulary.com/lists/52473
boast,хвастаться,ungraded,WikDict,https://en.wiktionary.org/wiki/boast
advocate,защитник,ungraded,WikDict,https://en.wiktionary.org/wiki/advocate
bestow,вручать,ungraded,WikDict,https://en.wiktionary.org/wiki/bestow
allege,утверждать,ungraded,Vocoby,https://www.vocabulary.com/lists/52473
notwithstanding,вопреки,ungraded,WikDict,https://en.wiktionary.org/wiki/notwithstanding
lofty,возвышенный,ungraded,Vocoby,https://www.vocabulary.com/lists/52473
multitude,масса,ungraded,WikDict,https://en.wiktionary.org/wiki/multitude
steep,крутой,ungraded,WikDict,https://en.wiktionary.org/wiki/steep
heed,внимать,ungraded,WikDict,https://en.wiktionary.org/wiki/heed
modest,скромный,ungraded,Vocoby,https://www.vocabulary.com/lists/52473
partial,частичный,ungraded,WikDict,https://en.wiktionary.org/wiki/partial
apt,подходящий,ungraded,WikDict,https://en.wiktionary.org/wiki/apt
esteem,почтение,ungraded,WikDict,https://en.wiktionary.org/wiki/esteem
credible,правдоподобный,ungraded,Vocoby,https://www.vocabulary.com/lists/52473
provoke,провоцировать,ungraded,WikDict,https://en.wiktionary.org/wiki/provoke
tread,ступать,ungraded,Vocoby,https://www.vocabulary.com/lists/52473
ascertain,установить,ungraded,WikDict,https://en.wiktionary.org/wiki/ascertain
fare,плата за проезд,ungraded,Vocoby,https://www.vocabulary.com/lists/52473
cede,уступать,ungraded,Vocoby,https://www.vocabulary.com/lists/52473
perpetual,вечный,ungraded,WikDict,https://en.wiktionary.org/wiki/perpetual
decree,постановление,ungraded,WikDict,https://en.wiktionary.org/wiki/decree
contrive,замышлять,ungraded,WikDict,https://en.wiktionary.org/wiki/contrive
derived,производный,ungraded,Vocoby,https://www.vocabulary.com/lists/52473
elaborate,доскональный,ungraded,WikDict,https://en.wiktionary.org/wiki/elaborate
substantial,значительный,ungraded,Vocoby,https://www.vocabulary.com/lists/52473
frontier,граница,ungraded,Vocoby,https://www.vocabulary.com/lists/52473
facile,поверхностный,ungraded,Vocoby,https://www.vocabulary.com/lists/52473
cite,цитировать,ungraded,Vocoby,https://www.vocabulary.com/lists/52473
warrant,основание,ungraded,Vocoby,https://www.vocabulary.com/lists/52473
sob,всхлипывать,ungraded,WikDict,https://en.wiktionary.org/wiki/sob
rider,всадник,ungraded,Vocoby,https://www.vocabulary.com/lists/52473
dense,густой,ungraded,WikDict,https://en.wiktionary.org/wiki/dense
afflict,мучать,ungraded,WikDict,https://en.wiktionary.org/wiki/afflict
flourish,процветать,ungraded,Vocoby,https://www.vocabulary.com/lists/52473
ordain,предписывать,ungraded,Vocoby,https://www.vocabulary.com/lists/52473
pious,благочестивый,ungraded,WikDict,https://en.wiktionary.org/wiki/pious
vex,досаждать,ungraded,WikDict,https://en.wiktionary.org/wiki/vex
gravity,серьёзность,ungraded,WikDict,https://en.wiktionary.org/wiki/gravity
suspended,висящий,ungraded,WikDict,https://en.wiktionary.org/wiki/suspended
conspicuous,броский,ungraded,WikDict,https://en.wiktionary.org/wiki/conspicuous
retort,резко отвечать,ungraded,Vocoby,https://www.vocabulary.com/lists/52473
jet,струя,ungraded,WikDict,https://en.wiktionary.org/wiki/jet
bolt,болт,ungraded,WikDict,https://en.wiktionary.org/wiki/bolt
assent,одобрение,ungraded,WikDict,https://en.wiktionary.org/wiki/assent
purse,кошелёк,ungraded,WikDict,https://en.wiktionary.org/wiki/purse
plus,плюс,ungraded,WikDict,https://en.wiktionary.org/wiki/plus
sanction,санкция,ungraded,WikDict,https://en.wiktionary.org/wiki/sanction
proceeding,разбирательство,ungraded,Vocoby,https://www.vocabulary.com/lists/52473
exalt,прославлять,ungraded,WikDict,https://en.wiktionary.org/wiki/exalt
siege,блокада,ungraded,WikDict,https://en.wiktionary.org/wiki/siege
malice,злоба,ungraded,WikDict,https://en.wiktionary.org/wiki/malice
extravagant,непомерный,ungraded,WikDict,https://en.wiktionary.org/wiki/extravagant
wax,увеличиваться,ungraded,Vocoby,https://www.vocabulary.com/lists/52473
throng,куча,ungraded,WikDict,https://en.wiktionary.org/wiki/throng
venerate,преклоняться,ungraded,WikDict,https://en.wiktionary.org/wiki/venerate
assail,напасть,ungraded,WikDict,https://en.wiktionary.org/wiki/assail
sublime,величественный,ungraded,WikDict,https://en.wiktionary.org/wiki/sublime
exploit,пользоваться,ungraded,WikDict,https://en.wiktionary.org/wiki/exploit
exertion,усилие,ungraded,WikDict,https://en.wiktionary.org/wiki/exertion
kindle,зажечь,ungraded,WikDict,https://en.wiktionary.org/wiki/kindle
endow,одаривать,ungraded,WikDict,https://en.wiktionary.org/wiki/endow
imposed,навязанный,ungraded,Vocoby,https://www.vocabulary.com/lists/52473
humiliate,унижать,ungraded,WikDict,https://en.wiktionary.org/wiki/humiliate
suffrage,избирательное право,ungraded,WikDict,https://en.wiktionary.org/wiki/suffrage
ensue,следовать,ungraded,WikDict,https://en.wiktionary.org/wiki/ensue
brook,ручей,ungraded,WikDict,https://en.wiktionary.org/wiki/brook
gale,шторм,ungraded,WikDict,https://en.wiktionary.org/wiki/gale
muse,размышлять,ungraded,Vocoby,https://www.vocabulary.com/lists/52473
satire,сатира,ungraded,WikDict,https://en.wiktionary.org/wiki/satire
intrigue,интрига,ungraded,WikDict,https://en.wiktionary.org/wiki/intrigue
indication,знак,ungraded,WikDict,https://en.wiktionary.org/wiki/indication
dispatch,депеша,ungraded,WikDict,https://en.wiktionary.org/wiki/dispatch
cower,забиться,ungraded,WikDict,https://en.wiktionary.org/wiki/cower
wont,обыкновение,ungraded,Vocoby,https://www.vocabulary.com/lists/52473
tract,участок земли,ungraded,Vocoby,https://www.vocabulary.com/lists/52473
canon,правило,ungraded,Vocoby,https://www.vocabulary.com/lists/52473
impel,побуждать,ungraded,WikDict,https://en.wiktionary.org/wiki/impel
latitude,широта,ungraded,WikDict,https://en.wiktionary.org/wiki/latitude
vacate,освободить,ungraded,WikDict,https://en.wiktionary.org/wiki/vacate
undertaking,начинание,ungraded,Vocoby,https://www.vocabulary.com/lists/52473
slay,убить,ungraded,WikDict,https://en.wiktionary.org/wiki/slay
predecessor,предшественник,ungraded,WikDict,https://en.wiktionary.org/wiki/predecessor
delicacy,утончённость,ungraded,WikDict,https://en.wiktionary.org/wiki/delicacy
forsake,оставить,ungraded,WikDict,https://en.wiktionary.org/wiki/forsake
beseech,умолять,ungraded,WikDict,https://en.wiktionary.org/wiki/beseech
philosophical,философский,ungraded,WikDict,https://en.wiktionary.org/wiki/philosophical
grove,роща,ungraded,Vocoby,https://www.vocabulary.com/lists/52473
frustrate,расстраивать,ungraded,WikDict,https://en.wiktionary.org/wiki/frustrate
illustrious,знаменитый,ungraded,WikDict,https://en.wiktionary.org/wiki/illustrious
device,устройство,ungraded,Vocoby,https://www.vocabulary.com/lists/52473
pomp,пышность,ungraded,Vocoby,https://www.vocabulary.com/lists/52473
entreat,умолять,ungraded,WikDict,https://en.wiktionary.org/wiki/entreat
impart,сообщать,ungraded,WikDict,https://en.wiktionary.org/wiki/impart
propriety,приличие,ungraded,Vocoby,https://www.vocabulary.com/lists/52473
consecrate,освятить,ungraded,WikDict,https://en.wiktionary.org/wiki/consecrate
proceeds,доход,ungraded,WikDict,https://en.wiktionary.org/wiki/proceeds
fathom,постигать,ungraded,Vocoby,https://www.vocabulary.com/lists/52473
objective,цель,ungraded,Vocoby,https://www.vocabulary.com/lists/52473
clad,одетый,ungraded,WikDict,https://en.wiktionary.org/wiki/clad
partisan,сторонник,ungraded,Vocoby,https://www.vocabulary.com/lists/52473
faction,фракция,ungraded,WikDict,https://en.wiktionary.org/wiki/faction
contrived,искусственно созданный,ungraded,WikDict,https://en.wiktionary.org/wiki/contrived
venerable,достопочтенный,ungraded,WikDict,https://en.wiktionary.org/wiki/venerable
restrained,сдержанный,ungraded,WikDict,https://en.wiktionary.org/wiki/restrained
besiege,окружать,ungraded,WikDict,https://en.wiktionary.org/wiki/besiege
manifestation,проявление,ungraded,Vocoby,https://www.vocabulary.com/lists/52473
rebuke,выговор,ungraded,WikDict,https://en.wiktionary.org/wiki/rebuke
insurgent,бунтовщик,ungraded,WikDict,https://en.wiktionary.org/wiki/insurgent
rhetoric,риторика,ungraded,Vocoby,https://www.vocabulary.com/lists/52473
scrupulous,добросовестный,ungraded,WikDict,https://en.wiktionary.org/wiki/scrupulous
ratify,одобрить,ungraded,WikDict,https://en.wiktionary.org/wiki/ratify
stump,ставить в тупик,ungraded,Vocoby,https://www.vocabulary.com/lists/52473
discreet,неброский,ungraded,WikDict,https://en.wiktionary.org/wiki/discreet
imposing,внушительный,ungraded,WikDict,https://en.wiktionary.org/wiki/imposing
wistful,томящийся,ungraded,WikDict,https://en.wiktionary.org/wiki/wistful
mortify,унижать,ungraded,Vocoby,https://www.vocabulary.com/lists/52473
ripple,колебание,ungraded,WikDict,https://en.wiktionary.org/wiki/ripple
premise,посылка,ungraded,WikDict,https://en.wiktionary.org/wiki/premise
subside,униматься,ungraded,WikDict,https://en.wiktionary.org/wiki/subside
adverse,враждебный,ungraded,WikDict,https://en.wiktionary.org/wiki/adverse
caprice,каприз,ungraded,WikDict,https://en.wiktionary.org/wiki/caprice
muster,сбор,ungraded,WikDict,https://en.wiktionary.org/wiki/muster
comprehensive,всеобъемлющий,ungraded,WikDict,https://en.wiktionary.org/wiki/comprehensive
accede,соглашаться,ungraded,WikDict,https://en.wiktionary.org/wiki/accede
fervent,пылкий,ungraded,Vocoby,https://www.vocabulary.com/lists/52473
cohere,образовывать целое,ungraded,Vocoby,https://www.vocabulary.com/lists/52473
tribunal,трибунал,ungraded,WikDict,https://en.wiktionary.org/wiki/tribunal
austere,строгий,ungraded,WikDict,https://en.wiktionary.org/wiki/austere
recovering,выздоравливающий,ungraded,Vocoby,https://www.vocabulary.com/lists/52473
stratum,слой,ungraded,WikDict,https://en.wiktionary.org/wiki/stratum
conscientious,добросовестный,ungraded,WikDict,https://en.wiktionary.org/wiki/conscientious
arbitrary,произвольный,ungraded,WikDict,https://en.wiktionary.org/wiki/arbitrary
exasperate,бесить,ungraded,WikDict,https://en.wiktionary.org/wiki/exasperate
conjure,вызывать,ungraded,WikDict,https://en.wiktionary.org/wiki/conjure
ominous,зловещий,ungraded,WikDict,https://en.wiktionary.org/wiki/ominous
edifice,здание,ungraded,WikDict,https://en.wiktionary.org/wiki/edifice
elude,ускользать,ungraded,WikDict,https://en.wiktionary.org/wiki/elude
pervade,наполнять,ungraded,WikDict,https://en.wiktionary.org/wiki/pervade
foster,способствовать,ungraded,Vocoby,https://www.vocabulary.com/lists/52473
admonish,наставлять,ungraded,WikDict,https://en.wiktionary.org/wiki/admonish
repeal,аннулировать,ungraded,WikDict,https://en.wiktionary.org/wiki/repeal
retiring,застенчивый,ungraded,Vocoby,https://www.vocabulary.com/lists/52473
incidental,эпизодичный,ungraded,WikDict,https://en.wiktionary.org/wiki/incidental
acquiesce,соглашаться,ungraded,WikDict,https://en.wiktionary.org/wiki/acquiesce
slew,масса,ungraded,WikDict,https://en.wiktionary.org/wiki/slew
usurp,присваивать,ungraded,WikDict,https://en.wiktionary.org/wiki/usurp
sentinel,караульный,ungraded,WikDict,https://en.wiktionary.org/wiki/sentinel
precision,точность,ungraded,WikDict,https://en.wiktionary.org/wiki/precision
depose,низлагать,ungraded,WikDict,https://en.wiktionary.org/wiki/depose
wanton,безудержный,ungraded,Vocoby,https://www.vocabulary.com/lists/52473
odium,всеобщая ненависть,ungraded,Vocoby,https://www.vocabulary.com/lists/52473
precept,заповедь,ungraded,WikDict,https://en.wiktionary.org/wiki/precept
deference,почитание,ungraded,WikDict,https://en.wiktionary.org/wiki/deference
fray,борьба,ungraded,WikDict,https://en.wiktionary.org/wiki/fray
candid,беспристрастный,ungraded,WikDict,https://en.wiktionary.org/wiki/candid
enduring,долговечный,ungraded,Vocoby,https://www.vocabulary.com/lists/52473
impertinent,дерзкий,ungraded,WikDict,https://en.wiktionary.org/wiki/impertinent
bland,неинтересный,ungraded,WikDict,https://en.wiktionary.org/wiki/bland
insinuate,намекать,ungraded,WikDict,https://en.wiktionary.org/wiki/insinuate
nominal,номинальный,ungraded,Vocoby,https://www.vocabulary.com/lists/52473
suppliant,просительный,ungraded,WikDict,https://en.wiktionary.org/wiki/suppliant
languid,вялый,ungraded,WikDict,https://en.wiktionary.org/wiki/languid
rave,бредить,ungraded,Vocoby,https://www.vocabulary.com/lists/52473
monetary,валютный,ungraded,WikDict,https://en.wiktionary.org/wiki/monetary
headlong,очертя голову,ungraded,WikDict,https://en.wiktionary.org/wiki/headlong
infallible,безошибочный,ungraded,WikDict,https://en.wiktionary.org/wiki/infallible
coax,увещевать,ungraded,WikDict,https://en.wiktionary.org/wiki/coax
explicate,разъяснять,ungraded,Vocoby,https://www.vocabulary.com/lists/52473
gaunt,костлявый,ungraded,WikDict,https://en.wiktionary.org/wiki/gaunt
morbid,болезненный,ungraded,WikDict,https://en.wiktionary.org/wiki/morbid
ranging,варьирующийся,ungraded,Vocoby,https://www.vocabulary.com/lists/52473
pacify,успокаивать,ungraded,Vocoby,https://www.vocabulary.com/lists/52473
pastoral,пастуший,ungraded,WikDict,https://en.wiktionary.org/wiki/pastoral
dogged,настырный,ungraded,WikDict,https://en.wiktionary.org/wiki/dogged
ebb,ослабевать,ungraded,WikDict,https://en.wiktionary.org/wiki/ebb
aide,помощник,ungraded,Vocoby,https://www.vocabulary.com/lists/52473
appease,умиротворить,ungraded,WikDict,https://en.wiktionary.org/wiki/appease
stipulate,оговаривать,ungraded,WikDict,https://en.wiktionary.org/wiki/stipulate
recourse,обращение,ungraded,WikDict,https://en.wiktionary.org/wiki/recourse
constrained,вынужденный,ungraded,Vocoby,https://www.vocabulary.com/lists/52473
bate,уменьшать,ungraded,WikDict,https://en.wiktionary.org/wiki/bate
aversion,антипатия,ungraded,WikDict,https://en.wiktionary.org/wiki/aversion
conceit,гонор,ungraded,WikDict,https://en.wiktionary.org/wiki/conceit
loath,нежелающий,ungraded,WikDict,https://en.wiktionary.org/wiki/loath
rampart,вал,ungraded,WikDict,https://en.wiktionary.org/wiki/rampart
extort,вымогать,ungraded,WikDict,https://en.wiktionary.org/wiki/extort
tarry,мешкать,ungraded,WikDict,https://en.wiktionary.org/wiki/tarry
perpetrate,совершать,ungraded,WikDict,https://en.wiktionary.org/wiki/perpetrate
decorum,правила поведения,ungraded,WikDict,https://en.wiktionary.org/wiki/decorum
luxuriant,буйный,ungraded,WikDict,https://en.wiktionary.org/wiki/luxuriant
cant,лицемерие,ungraded,Vocoby,https://www.vocabulary.com/lists/52473
enjoin,велеть,ungraded,WikDict,https://en.wiktionary.org/wiki/enjoin
avarice,алчность,ungraded,WikDict,https://en.wiktionary.org/wiki/avarice
edict,эдикт,ungraded,WikDict,https://en.wiktionary.org/wiki/edict
disconcert,смущать,ungraded,Vocoby,https://www.vocabulary.com/lists/52473
symmetry,симметрия,ungraded,WikDict,https://en.wiktionary.org/wiki/symmetry
capitulate,капитулировать,ungraded,WikDict,https://en.wiktionary.org/wiki/capitulate
arbitrate,разрешать спор,ungraded,Vocoby,https://www.vocabulary.com/lists/52473
cleave,раскалывать,ungraded,Vocoby,https://www.vocabulary.com/lists/52473
append,добавлять,ungraded,WikDict,https://en.wiktionary.org/wiki/append
visage,выражение лица,ungraded,WikDict,https://en.wiktionary.org/wiki/visage
horde,орда,ungraded,WikDict,https://en.wiktionary.org/wiki/horde
parable,притча,ungraded,WikDict,https://en.wiktionary.org/wiki/parable
chastise,наказывать,ungraded,WikDict,https://en.wiktionary.org/wiki/chastise
foil,предотвратить,ungraded,WikDict,https://en.wiktionary.org/wiki/foil
veritable,настоящий,ungraded,Vocoby,https://www.vocabulary.com/lists/52473
grapple,бороться,ungraded,Vocoby,https://www.vocabulary.com/lists/52473
gentry,дворянство,ungraded,Vocoby,https://www.vocabulary.com/lists/52473
pall,пелена,ungraded,WikDict,https://en.wiktionary.org/wiki/pall
maxim,изречение,ungraded,WikDict,https://en.wiktionary.org/wiki/maxim
projection,проекция,ungraded,WikDict,https://en.wiktionary.org/wiki/projection
prowess,отвага,ungraded,WikDict,https://en.wiktionary.org/wiki/prowess
dingy,грязный и тусклый,ungraded,Vocoby,https://www.vocabulary.com/lists/52473
semblance,подобие,ungraded,WikDict,https://en.wiktionary.org/wiki/semblance
tout,навязывать,ungraded,WikDict,https://en.wiktionary.org/wiki/tout
fortitude,сила духа,ungraded,WikDict,https://en.wiktionary.org/wiki/fortitude
asunder,врозь,ungraded,WikDict,https://en.wiktionary.org/wiki/asunder
rout,разгром,ungraded,Vocoby,https://www.vocabulary.com/lists/52473
staid,степенный,ungraded,WikDict,https://en.wiktionary.org/wiki/staid
beguile,очаровывать,ungraded,WikDict,https://en.wiktionary.org/wiki/beguile
purport,подразумевать,ungraded,Vocoby,https://www.vocabulary.com/lists/52473
deprave,развращать,ungraded,Vocoby,https://www.vocabulary.com/lists/52473
bequeath,завещать,ungraded,WikDict,https://en.wiktionary.org/wiki/bequeath
enigma,загадка,ungraded,WikDict,https://en.wiktionary.org/wiki/enigma
assiduous,прилежный,ungraded,WikDict,https://en.wiktionary.org/wiki/assiduous
vassal,вассал,ungraded,WikDict,https://en.wiktionary.org/wiki/vassal
quail,робеть,ungraded,Vocoby,https://www.vocabulary.com/lists/52473
outskirts,предместье,ungraded,WikDict,https://en.wiktionary.org/wiki/outskirts
bulwark,защита,ungraded,WikDict,https://en.wiktionary.org/wiki/bulwark
swerve,сгибаться,ungraded,WikDict,https://en.wiktionary.org/wiki/swerve
gird,опоясывать,ungraded,Vocoby,https://www.vocabulary.com/lists/52473
betrothed,обручённый,ungraded,Vocoby,https://www.vocabulary.com/lists/52473
prospective,перспективный,ungraded,WikDict,https://en.wiktionary.org/wiki/prospective
advert,обращать внимание,ungraded,Vocoby,https://www.vocabulary.com/lists/52473
peremptory,безапелляционный,ungraded,WikDict,https://en.wiktionary.org/wiki/peremptory
rudiment,основа,ungraded,WikDict,https://en.wiktionary.org/wiki/rudiment
deduce,делать вывод,ungraded,WikDict,https://en.wiktionary.org/wiki/deduce
halting,нерешительный,ungraded,Vocoby,https://www.vocabulary.com/lists/52473
ignominy,позор,ungraded,WikDict,https://en.wiktionary.org/wiki/ignominy
ideology,идеология,ungraded,WikDict,https://en.wiktionary.org/wiki/ideology
pallid,бледный,ungraded,WikDict,https://en.wiktionary.org/wiki/pallid
chagrin,огорчение,ungraded,WikDict,https://en.wiktionary.org/wiki/chagrin
obtrude,навязывать,ungraded,WikDict,https://en.wiktionary.org/wiki/obtrude
audacious,дерзкий,ungraded,WikDict,https://en.wiktionary.org/wiki/audacious
construe,истолковывать,ungraded,WikDict,https://en.wiktionary.org/wiki/construe
ford,брод,ungraded,WikDict,https://en.wiktionary.org/wiki/ford
repast,трапеза,ungraded,Vocoby,https://www.vocabulary.com/lists/52473
stint,ограничивать,ungraded,Vocoby,https://www.vocabulary.com/lists/52473
fresco,фреска,ungraded,WikDict,https://en.wiktionary.org/wiki/fresco
dutiful,послушный,ungraded,WikDict,https://en.wiktionary.org/wiki/dutiful
hew,сечь,ungraded,WikDict,https://en.wiktionary.org/wiki/hew
parity,равенство,ungraded,Vocoby,https://www.vocabulary.com/lists/52473
affable,любезный,ungraded,WikDict,https://en.wiktionary.org/wiki/affable
interminable,бесконечный,ungraded,WikDict,https://en.wiktionary.org/wiki/interminable
pillage,грабёж,ungraded,WikDict,https://en.wiktionary.org/wiki/pillage
foreboding,предчувствие,ungraded,WikDict,https://en.wiktionary.org/wiki/foreboding
rend,отрывать,ungraded,WikDict,https://en.wiktionary.org/wiki/rend
livelihood,средства к существованию,ungraded,Vocoby,https://www.vocabulary.com/lists/52473
deign,снизойти,ungraded,WikDict,https://en.wiktionary.org/wiki/deign
capricious,капризный,ungraded,WikDict,https://en.wiktionary.org/wiki/capricious
stupendous,громадный,ungraded,WikDict,https://en.wiktionary.org/wiki/stupendous
chaff,мякина,ungraded,WikDict,https://en.wiktionary.org/wiki/chaff
innate,прирождённый,ungraded,WikDict,https://en.wiktionary.org/wiki/innate
reverie,грёзы,ungraded,WikDict,https://en.wiktionary.org/wiki/reverie
wrangle,перебранка,ungraded,WikDict,https://en.wiktionary.org/wiki/wrangle
crevice,расщелина,ungraded,WikDict,https://en.wiktionary.org/wiki/crevice
ostensible,формальный,ungraded,WikDict,https://en.wiktionary.org/wiki/ostensible
craven,малодушный,ungraded,WikDict,https://en.wiktionary.org/wiki/craven
vestige,след,ungraded,WikDict,https://en.wiktionary.org/wiki/vestige
plumb,измерять глубину,ungraded,Vocoby,https://www.vocabulary.com/lists/52473
reticent,сдержанный,ungraded,WikDict,https://en.wiktionary.org/wiki/reticent
propensity,склонность,ungraded,WikDict,https://en.wiktionary.org/wiki/propensity
chide,бичевать,ungraded,WikDict,https://en.wiktionary.org/wiki/chide
espouse,поддерживать,ungraded,Vocoby,https://www.vocabulary.com/lists/52473
raiment,наряд,ungraded,WikDict,https://en.wiktionary.org/wiki/raiment
intrepid,бесстрашный,ungraded,WikDict,https://en.wiktionary.org/wiki/intrepid
seemly,пристойный,ungraded,Vocoby,https://www.vocabulary.com/lists/52473
allay,ослаблять,ungraded,Vocoby,https://www.vocabulary.com/lists/52473
fitful,перемежающийся,ungraded,WikDict,https://en.wiktionary.org/wiki/fitful
erode,эродировать,ungraded,WikDict,https://en.wiktionary.org/wiki/erode
unaffected,естественный,ungraded,Vocoby,https://www.vocabulary.com/lists/52473
canto,песнь,ungraded,WikDict,https://en.wiktionary.org/wiki/canto
docile,покорный,ungraded,WikDict,https://en.wiktionary.org/wiki/docile
patronize,опекать,ungraded,WikDict,https://en.wiktionary.org/wiki/patronize
teem,изобиловать,ungraded,Vocoby,https://www.vocabulary.com/lists/52473
estrange,отдалить,ungraded,WikDict,https://en.wiktionary.org/wiki/estrange
spat,ссора,ungraded,Vocoby,https://www.vocabulary.com/lists/52473
warble,заливаться,ungraded,WikDict,https://en.wiktionary.org/wiki/warble
mien,внешний вид,ungraded,Vocoby,https://www.vocabulary.com/lists/52473
sate,насыщать,ungraded,Vocoby,https://www.vocabulary.com/lists/52473
constituency,избирательный округ,ungraded,WikDict,https://en.wiktionary.org/wiki/constituency
patrician,патриций,ungraded,WikDict,https://en.wiktionary.org/wiki/patrician
parry,парировать,ungraded,WikDict,https://en.wiktionary.org/wiki/parry
practitioner,практикующий специалист,ungraded,Vocoby,https://www.vocabulary.com/lists/52473
ravel,распутывать,ungraded,WikDict,https://en.wiktionary.org/wiki/ravel
infest,кишеть,ungraded,Vocoby,https://www.vocabulary.com/lists/52473
actuate,приводить в действие,ungraded,Vocoby,https://www.vocabulary.com/lists/52473
surly,угрюмый,ungraded,Vocoby,https://www.vocabulary.com/lists/52473
convalesce,выздороветь,ungraded,WikDict,https://en.wiktionary.org/wiki/convalesce
demoralize,деморализовать,ungraded,WikDict,https://en.wiktionary.org/wiki/demoralize
devolve,переходить,ungraded,WikDict,https://en.wiktionary.org/wiki/devolve
alacrity,готовность,ungraded,WikDict,https://en.wiktionary.org/wiki/alacrity
waive,отбрасывать,ungraded,WikDict,https://en.wiktionary.org/wiki/waive
unwonted,необычный,ungraded,WikDict,https://en.wiktionary.org/wiki/unwonted
seethe,бурлить,ungraded,WikDict,https://en.wiktionary.org/wiki/seethe
scrutinize,тщательно исследовать,ungraded,WikDict,https://en.wiktionary.org/wiki/scrutinize
diffident,неуверенный,ungraded,Vocoby,https://www.vocabulary.com/lists/52473
execrate,проклинать,ungraded,Vocoby,https://www.vocabulary.com/lists/52473
implacable,неумолимый,ungraded,WikDict,https://en.wiktionary.org/wiki/implacable
pique,досада,ungraded,WikDict,https://en.wiktionary.org/wiki/pique
mite,кроха,ungraded,Vocoby,https://www.vocabulary.com/lists/52473
encumber,обременять,ungraded,WikDict,https://en.wiktionary.org/wiki/encumber
uncouth,неловкий,ungraded,WikDict,https://en.wiktionary.org/wiki/uncouth
petulant,вздорный,ungraded,WikDict,https://en.wiktionary.org/wiki/petulant
expiate,искупать,ungraded,WikDict,https://en.wiktionary.org/wiki/expiate
cavalier,бесцеремонный,ungraded,Vocoby,https://www.vocabulary.com/lists/52473
banter,подтрунивать,ungraded,WikDict,https://en.wiktionary.org/wiki/banter
bluster,бушевать,ungraded,WikDict,https://en.wiktionary.org/wiki/bluster
debase,унижать,ungraded,WikDict,https://en.wiktionary.org/wiki/debase
retainer,слуга,ungraded,WikDict,https://en.wiktionary.org/wiki/retainer
subjugate,подчинить,ungraded,WikDict,https://en.wiktionary.org/wiki/subjugate
extol,восхвалить,ungraded,WikDict,https://en.wiktionary.org/wiki/extol
fraught,чреватый,ungraded,Vocoby,https://www.vocabulary.com/lists/52473
august,августейший,ungraded,WikDict,https://en.wiktionary.org/wiki/august
fissure,расщелина,ungraded,WikDict,https://en.wiktionary.org/wiki/fissure
knoll,бугор,ungraded,WikDict,https://en.wiktionary.org/wiki/knoll
callous,чёрствый,ungraded,WikDict,https://en.wiktionary.org/wiki/callous
inculcate,прививать,ungraded,WikDict,https://en.wiktionary.org/wiki/inculcate
nettle,раздражать,ungraded,Vocoby,https://www.vocabulary.com/lists/52473
blanch,бледнеть,ungraded,Vocoby,https://www.vocabulary.com/lists/52473
inscrutable,загадочный,ungraded,WikDict,https://en.wiktionary.org/wiki/inscrutable
tenacious,цепкий,ungraded,Vocoby,https://www.vocabulary.com/lists/52473
thrall,раб,ungraded,WikDict,https://en.wiktionary.org/wiki/thrall
exigency,срочность,ungraded,WikDict,https://en.wiktionary.org/wiki/exigency
disconsolate,печальный,ungraded,WikDict,https://en.wiktionary.org/wiki/disconsolate
impetus,импульс,ungraded,WikDict,https://en.wiktionary.org/wiki/impetus
imposition,навязывание,ungraded,Vocoby,https://www.vocabulary.com/lists/52473
auspices,эгида,ungraded,WikDict,https://en.wiktionary.org/wiki/auspices
sonorous,звучный,ungraded,WikDict,https://en.wiktionary.org/wiki/sonorous
exploitation,использование,ungraded,WikDict,https://en.wiktionary.org/wiki/exploitation
bane,бич,ungraded,WikDict,https://en.wiktionary.org/wiki/bane
dint,сила,ungraded,Vocoby,https://www.vocabulary.com/lists/52473
ignominious,бесславный,ungraded,WikDict,https://en.wiktionary.org/wiki/ignominious
amicable,дружелюбный,ungraded,WikDict,https://en.wiktionary.org/wiki/amicable
onset,атака,ungraded,WikDict,https://en.wiktionary.org/wiki/onset
conservatory,консерватория,ungraded,WikDict,https://en.wiktionary.org/wiki/conservatory
zenith,зенит,ungraded,WikDict,https://en.wiktionary.org/wiki/zenith
voluble,болтливый,ungraded,WikDict,https://en.wiktionary.org/wiki/voluble
yeoman,йомен,ungraded,WikDict,https://en.wiktionary.org/wiki/yeoman
levity,легкомыслие,ungraded,Vocoby,https://www.vocabulary.com/lists/52473
rapt,восхищённый,ungraded,WikDict,https://en.wiktionary.org/wiki/rapt
sultry,знойный,ungraded,WikDict,https://en.wiktionary.org/wiki/sultry
pinion,связывать руки,ungraded,Vocoby,https://www.vocabulary.com/lists/52473
axiom,аксиома,ungraded,WikDict,https://en.wiktionary.org/wiki/axiom
descry,замечать,ungraded,WikDict,https://en.wiktionary.org/wiki/descry
retinue,свита,ungraded,Vocoby,https://www.vocabulary.com/lists/52473
functionary,должностное лицо,ungraded,WikDict,https://en.wiktionary.org/wiki/functionary
imbibe,пить,ungraded,WikDict,https://en.wiktionary.org/wiki/imbibe
diversified,разнообразный,ungraded,Vocoby,https://www.vocabulary.com/lists/52473
maraud,мародёрствовать,ungraded,WikDict,https://en.wiktionary.org/wiki/maraud
grudging,неохотный,ungraded,WikDict,https://en.wiktionary.org/wiki/grudging
partiality,предвзятость,ungraded,WikDict,https://en.wiktionary.org/wiki/partiality
philology,филология,ungraded,WikDict,https://en.wiktionary.org/wiki/philology
wry,язвительный,ungraded,WikDict,https://en.wiktionary.org/wiki/wry
caucus,группировка,ungraded,WikDict,https://en.wiktionary.org/wiki/caucus
permeate,пронизывать,ungraded,WikDict,https://en.wiktionary.org/wiki/permeate
propitious,благоприятный,ungraded,WikDict,https://en.wiktionary.org/wiki/propitious
salient,выдающийся,ungraded,Vocoby,https://www.vocabulary.com/lists/52473
propitiate,умиротворять,ungraded,WikDict,https://en.wiktionary.org/wiki/propitiate
excise,вырезать,ungraded,WikDict,https://en.wiktionary.org/wiki/excise
betoken,предвещать,ungraded,Vocoby,https://www.vocabulary.com/lists/52473
palatable,вкусный,ungraded,WikDict,https://en.wiktionary.org/wiki/palatable
upbraid,порицать,ungraded,WikDict,https://en.wiktionary.org/wiki/upbraid
renegade,изменник,ungraded,WikDict,https://en.wiktionary.org/wiki/renegade
hoary,седой,ungraded,WikDict,https://en.wiktionary.org/wiki/hoary
pedantic,педантичный,ungraded,WikDict,https://en.wiktionary.org/wiki/pedantic
coy,застенчивый,ungraded,Vocoby,https://www.vocabulary.com/lists/52473
troth,честное слово,ungraded,WikDict,https://en.wiktionary.org/wiki/troth
encroachment,вторжение,ungraded,WikDict,https://en.wiktionary.org/wiki/encroachment
belie,опровергать,ungraded,WikDict,https://en.wiktionary.org/wiki/belie
armada,армада,ungraded,WikDict,https://en.wiktionary.org/wiki/armada
succor,помощь в беде,ungraded,Vocoby,https://www.vocabulary.com/lists/52473
imperturbable,невозмутимый,ungraded,WikDict,https://en.wiktionary.org/wiki/imperturbable
irresolute,нерешительный,ungraded,Vocoby,https://www.vocabulary.com/lists/52473
knack,сноровка,ungraded,WikDict,https://en.wiktionary.org/wiki/knack
unseemly,неподобающий,ungraded,WikDict,https://en.wiktionary.org/wiki/unseemly
accentuate,акцентировать,ungraded,WikDict,https://en.wiktionary.org/wiki/accentuate
divulge,оглашать,ungraded,WikDict,https://en.wiktionary.org/wiki/divulge
brawn,мускулистость,ungraded,WikDict,https://en.wiktionary.org/wiki/brawn
burnish,драить,ungraded,WikDict,https://en.wiktionary.org/wiki/burnish
palpitate,трепетать,ungraded,Vocoby,https://www.vocabulary.com/lists/52473
promiscuous,неразборчивый,ungraded,WikDict,https://en.wiktionary.org/wiki/promiscuous
dissemble,лицемерить,ungraded,WikDict,https://en.wiktionary.org/wiki/dissemble
flotilla,флотилия,ungraded,WikDict,https://en.wiktionary.org/wiki/flotilla
invective,брань,ungraded,Vocoby,https://www.vocabulary.com/lists/52473
hermitage,жилище отшельника,ungraded,Vocoby,https://www.vocabulary.com/lists/52473
despoil,разграблять,ungraded,Vocoby,https://www.vocabulary.com/lists/52473
sully,пятнать,ungraded,WikDict,https://en.wiktionary.org/wiki/sully
malevolent,зловредный,ungraded,WikDict,https://en.wiktionary.org/wiki/malevolent
irksome,надоедливый,ungraded,Vocoby,https://www.vocabulary.com/lists/52473
prattle,болтать,ungraded,WikDict,https://en.wiktionary.org/wiki/prattle
subaltern,младший офицер,ungraded,Vocoby,https://www.vocabulary.com/lists/52473
welt,рубец,ungraded,Vocoby,https://www.vocabulary.com/lists/52473
wreak,причинять,ungraded,Vocoby,https://www.vocabulary.com/lists/52473
tenable,обоснованный,ungraded,Vocoby,https://www.vocabulary.com/lists/52473
inimitable,неподражаемый,ungraded,Vocoby,https://www.vocabulary.com/lists/52473
depredation,налёт,ungraded,WikDict,https://en.wiktionary.org/wiki/depredation
amalgamate,объединять,ungraded,Vocoby,https://www.vocabulary.com/lists/52473
immutable,неизменный,ungraded,WikDict,https://en.wiktionary.org/wiki/immutable
proxy,представитель,ungraded,Vocoby,https://www.vocabulary.com/lists/52473
dote,души не чаять,ungraded,Vocoby,https://www.vocabulary.com/lists/52473
reactionary,реакционный,ungraded,WikDict,https://en.wiktionary.org/wiki/reactionary
rationalism,рационализм,ungraded,WikDict,https://en.wiktionary.org/wiki/rationalism
endue,наделить,ungraded,WikDict,https://en.wiktionary.org/wiki/endue
discriminating,проницательный,ungraded,Vocoby,https://www.vocabulary.com/lists/52473
brooch,брошь,ungraded,WikDict,https://en.wiktionary.org/wiki/brooch
pert,дерзкий,ungraded,WikDict,https://en.wiktionary.org/wiki/pert
disembark,высадить,ungraded,WikDict,https://en.wiktionary.org/wiki/disembark
aria,ария,ungraded,WikDict,https://en.wiktionary.org/wiki/aria
trappings,внешние атрибуты,ungraded,Vocoby,https://www.vocabulary.com/lists/52473
abet,науськивать,ungraded,WikDict,https://en.wiktionary.org/wiki/abet
clandestine,нелегальный,ungraded,WikDict,https://en.wiktionary.org/wiki/clandestine
distend,раздувать,ungraded,Vocoby,https://www.vocabulary.com/lists/52473
glib,болтливый,ungraded,WikDict,https://en.wiktionary.org/wiki/glib
pucker,морщина,ungraded,WikDict,https://en.wiktionary.org/wiki/pucker
rejoinder,ответная реплика,ungraded,Vocoby,https://www.vocabulary.com/lists/52473
spangle,пайетка,ungraded,WikDict,https://en.wiktionary.org/wiki/spangle
blighted,загубленный,ungraded,Vocoby,https://www.vocabulary.com/lists/52473
nicety,деталь,ungraded,WikDict,https://en.wiktionary.org/wiki/nicety
aggrieve,огорчать,ungraded,Vocoby,https://www.vocabulary.com/lists/52473
vestment,облачение,ungraded,WikDict,https://en.wiktionary.org/wiki/vestment
urbane,вежливый,ungraded,WikDict,https://en.wiktionary.org/wiki/urbane
defray,оплачивать,ungraded,WikDict,https://en.wiktionary.org/wiki/defray
spectral,призрачный,ungraded,Vocoby,https://www.vocabulary.com/lists/52473
munificent,щедрый,ungraded,WikDict,https://en.wiktionary.org/wiki/munificent
dictum,изречение,ungraded,WikDict,https://en.wiktionary.org/wiki/dictum
fad,причуда,ungraded,WikDict,https://en.wiktionary.org/wiki/fad
scabbard,ножны,ungraded,WikDict,https://en.wiktionary.org/wiki/scabbard
adulterate,разбавлять примесями,ungraded,Vocoby,https://www.vocabulary.com/lists/52473
beleaguer,окружать,ungraded,WikDict,https://en.wiktionary.org/wiki/beleaguer
gripe,жалоба,ungraded,WikDict,https://en.wiktionary.org/wiki/gripe
remission,индульгенция,ungraded,WikDict,https://en.wiktionary.org/wiki/remission
exorbitant,безмерный,ungraded,WikDict,https://en.wiktionary.org/wiki/exorbitant
invocation,молитва,ungraded,WikDict,https://en.wiktionary.org/wiki/invocation
cajole,увещевать,ungraded,WikDict,https://en.wiktionary.org/wiki/cajole
inclusive,включающий всех,ungraded,Vocoby,https://www.vocabulary.com/lists/52473
interdict,сдерживать,ungraded,WikDict,https://en.wiktionary.org/wiki/interdict
abase,унизить,ungraded,WikDict,https://en.wiktionary.org/wiki/abase
obviate,избегать,ungraded,WikDict,https://en.wiktionary.org/wiki/obviate
hurtle,донестись,ungraded,WikDict,https://en.wiktionary.org/wiki/hurtle
unanimity,единогласие,ungraded,WikDict,https://en.wiktionary.org/wiki/unanimity
mettle,выносливость,ungraded,WikDict,https://en.wiktionary.org/wiki/mettle
interpolate,интерполировать,ungraded,WikDict,https://en.wiktionary.org/wiki/interpolate
surreptitious,скрытый,ungraded,WikDict,https://en.wiktionary.org/wiki/surreptitious
dissimulate,притворяться,ungraded,Vocoby,https://www.vocabulary.com/lists/52473
ruse,уловка,ungraded,Vocoby,https://www.vocabulary.com/lists/52473
specious,обманчиво убедительный,ungraded,Vocoby,https://www.vocabulary.com/lists/52473
revulsion,отвращение,ungraded,WikDict,https://en.wiktionary.org/wiki/revulsion
hale,здоровый,ungraded,WikDict,https://en.wiktionary.org/wiki/hale
palliate,смягчать,ungraded,Vocoby,https://www.vocabulary.com/lists/52473
obtuse,недалёкий,ungraded,WikDict,https://en.wiktionary.org/wiki/obtuse
querulous,ворчливый,ungraded,WikDict,https://en.wiktionary.org/wiki/querulous
vagary,выходка,ungraded,WikDict,https://en.wiktionary.org/wiki/vagary
incipient,зарождающийся,ungraded,WikDict,https://en.wiktionary.org/wiki/incipient
obdurate,упрямый,ungraded,Vocoby,https://www.vocabulary.com/lists/52473
grovel,пресмыкаться,ungraded,WikDict,https://en.wiktionary.org/wiki/grovel
refractory,непокорный,ungraded,Vocoby,https://www.vocabulary.com/lists/52473
dregs,гуща,ungraded,WikDict,https://en.wiktionary.org/wiki/dregs
ascendancy,власть,ungraded,WikDict,https://en.wiktionary.org/wiki/ascendancy
supercilious,высокомерный,ungraded,WikDict,https://en.wiktionary.org/wiki/supercilious
pundit,знаток,ungraded,WikDict,https://en.wiktionary.org/wiki/pundit
commiserate,соболезновать,ungraded,WikDict,https://en.wiktionary.org/wiki/commiserate
alcove,ниша,ungraded,WikDict,https://en.wiktionary.org/wiki/alcove
assay,проба,ungraded,WikDict,https://en.wiktionary.org/wiki/assay
parochial,местнический,ungraded,WikDict,https://en.wiktionary.org/wiki/parochial
conjugal,брачный,ungraded,WikDict,https://en.wiktionary.org/wiki/conjugal
abjure,отказываться,ungraded,WikDict,https://en.wiktionary.org/wiki/abjure
frieze,фриз,ungraded,WikDict,https://en.wiktionary.org/wiki/frieze
ornate,богато украшенный,ungraded,Vocoby,https://www.vocabulary.com/lists/52473
inflammatory,подстрекательский,ungraded,Vocoby,https://www.vocabulary.com/lists/52473
machination,козни,ungraded,WikDict,https://en.wiktionary.org/wiki/machination
mendicant,нищенский,ungraded,WikDict,https://en.wiktionary.org/wiki/mendicant
meander,извиваться,ungraded,Vocoby,https://www.vocabulary.com/lists/52473
bullion,слиток,ungraded,WikDict,https://en.wiktionary.org/wiki/bullion
diffidence,застенчивость,ungraded,WikDict,https://en.wiktionary.org/wiki/diffidence
makeshift,временный,ungraded,WikDict,https://en.wiktionary.org/wiki/makeshift
husbandry,земледелие,ungraded,WikDict,https://en.wiktionary.org/wiki/husbandry
podium,подиум,ungraded,WikDict,https://en.wiktionary.org/wiki/podium
dearth,нехватка,ungraded,Vocoby,https://www.vocabulary.com/lists/52473
granary,зернохранилище,ungraded,WikDict,https://en.wiktionary.org/wiki/granary
whet,возбудить,ungraded,WikDict,https://en.wiktionary.org/wiki/whet
imposture,надувательство,ungraded,WikDict,https://en.wiktionary.org/wiki/imposture
diadem,диадема,ungraded,WikDict,https://en.wiktionary.org/wiki/diadem
fallow,пар,ungraded,WikDict,https://en.wiktionary.org/wiki/fallow
hubbub,гам,ungraded,WikDict,https://en.wiktionary.org/wiki/hubbub
dispassionate,беспристрастный,ungraded,WikDict,https://en.wiktionary.org/wiki/dispassionate
harrowing,горестный,ungraded,WikDict,https://en.wiktionary.org/wiki/harrowing
askance,неодобрительно,ungraded,WikDict,https://en.wiktionary.org/wiki/askance
lancet,ланцет,ungraded,WikDict,https://en.wiktionary.org/wiki/lancet
rankle,мучить,ungraded,WikDict,https://en.wiktionary.org/wiki/rankle
ramify,ответвляться,ungraded,WikDict,https://en.wiktionary.org/wiki/ramify
gainsay,возражать,ungraded,WikDict,https://en.wiktionary.org/wiki/gainsay
polity,режим,ungraded,WikDict,https://en.wiktionary.org/wiki/polity
credence,вера,ungraded,WikDict,https://en.wiktionary.org/wiki/credence
indemnify,возместить,ungraded,WikDict,https://en.wiktionary.org/wiki/indemnify
ingratiate,втираться в доверие,ungraded,WikDict,https://en.wiktionary.org/wiki/ingratiate
declivity,откос,ungraded,WikDict,https://en.wiktionary.org/wiki/declivity
importunate,настойчивый,ungraded,WikDict,https://en.wiktionary.org/wiki/importunate
passe,вышедший из моды,ungraded,Vocoby,https://www.vocabulary.com/lists/52473
whittle,вырезать,ungraded,WikDict,https://en.wiktionary.org/wiki/whittle
repine,роптать,ungraded,Vocoby,https://www.vocabulary.com/lists/52473
flay,свежевать,ungraded,WikDict,https://en.wiktionary.org/wiki/flay
larder,кладовка,ungraded,WikDict,https://en.wiktionary.org/wiki/larder
threadbare,изношенный,ungraded,WikDict,https://en.wiktionary.org/wiki/threadbare
grisly,отвратительный,ungraded,WikDict,https://en.wiktionary.org/wiki/grisly
untoward,неблагоприятный,ungraded,Vocoby,https://www.vocabulary.com/lists/52473
idiosyncrasy,индивидуальная особенность,ungraded,Vocoby,https://www.vocabulary.com/lists/52473
quip,колкость,ungraded,WikDict,https://en.wiktionary.org/wiki/quip
blatant,вопиющий,ungraded,WikDict,https://en.wiktionary.org/wiki/blatant
stanch,останавливать кровотечение,ungraded,Vocoby,https://www.vocabulary.com/lists/52473
incongruity,несоответствие,ungraded,WikDict,https://en.wiktionary.org/wiki/incongruity
perfidious,вероломный,ungraded,WikDict,https://en.wiktionary.org/wiki/perfidious
platitude,банальность,ungraded,WikDict,https://en.wiktionary.org/wiki/platitude
revelry,веселье,ungraded,WikDict,https://en.wiktionary.org/wiki/revelry
delve,копать,ungraded,WikDict,https://en.wiktionary.org/wiki/delve
extenuate,смягчать вину,ungraded,Vocoby,https://www.vocabulary.com/lists/52473
polemic,полемика,ungraded,WikDict,https://en.wiktionary.org/wiki/polemic
enrapture,восхищать,ungraded,Vocoby,https://www.vocabulary.com/lists/52473
virtuoso,виртуоз,ungraded,WikDict,https://en.wiktionary.org/wiki/virtuoso
glower,сердито смотреть,ungraded,WikDict,https://en.wiktionary.org/wiki/glower
mundane,обыденный,ungraded,Vocoby,https://www.vocabulary.com/lists/52473
fatuous,глупый,ungraded,Vocoby,https://www.vocabulary.com/lists/52473
incorrigible,неисправимый,ungraded,WikDict,https://en.wiktionary.org/wiki/incorrigible
postulate,постулат,ungraded,WikDict,https://en.wiktionary.org/wiki/postulate
gist,суть,ungraded,WikDict,https://en.wiktionary.org/wiki/gist
vociferous,громогласный,ungraded,WikDict,https://en.wiktionary.org/wiki/vociferous
purvey,снабжать,ungraded,WikDict,https://en.wiktionary.org/wiki/purvey
baleful,пагубный,ungraded,WikDict,https://en.wiktionary.org/wiki/baleful
gibe,насмешка,ungraded,Vocoby,https://www.vocabulary.com/lists/52473
dyspeptic,раздражительный,ungraded,Vocoby,https://www.vocabulary.com/lists/52473
prude,святоша,ungraded,WikDict,https://en.wiktionary.org/wiki/prude
luminary,светило,ungraded,WikDict,https://en.wiktionary.org/wiki/luminary
amenable,податливый,ungraded,WikDict,https://en.wiktionary.org/wiki/amenable
willful,своевольный,ungraded,Vocoby,https://www.vocabulary.com/lists/52473
overbearing,властный,ungraded,WikDict,https://en.wiktionary.org/wiki/overbearing
dais,возвышение,ungraded,WikDict,https://en.wiktionary.org/wiki/dais
automate,автоматизировать,ungraded,WikDict,https://en.wiktionary.org/wiki/automate
enervate,обессиливать,ungraded,WikDict,https://en.wiktionary.org/wiki/enervate
wheedle,обхаживать,ungraded,WikDict,https://en.wiktionary.org/wiki/wheedle
gusto,пыл,ungraded,WikDict,https://en.wiktionary.org/wiki/gusto
bouillon,бульон,ungraded,WikDict,https://en.wiktionary.org/wiki/bouillon
omniscient,всезнающий,ungraded,WikDict,https://en.wiktionary.org/wiki/omniscient
apostate,вероотступник,ungraded,Vocoby,https://www.vocabulary.com/lists/52473
carrion,дохлятина,ungraded,WikDict,https://en.wiktionary.org/wiki/carrion
emolument,вознаграждение,ungraded,WikDict,https://en.wiktionary.org/wiki/emolument
ungainly,неуклюжий,ungraded,WikDict,https://en.wiktionary.org/wiki/ungainly
impiety,непочтительность,ungraded,WikDict,https://en.wiktionary.org/wiki/impiety
decadence,декаданс,ungraded,WikDict,https://en.wiktionary.org/wiki/decadence
homily,наставление,ungraded,WikDict,https://en.wiktionary.org/wiki/homily
avocation,развлечение,ungraded,WikDict,https://en.wiktionary.org/wiki/avocation
circumvent,обойти,ungraded,WikDict,https://en.wiktionary.org/wiki/circumvent
syllogism,силлогизм,ungraded,WikDict,https://en.wiktionary.org/wiki/syllogism
collation,сверка,ungraded,Vocoby,https://www.vocabulary.com/lists/52473
haggle,торговаться,ungraded,WikDict,https://en.wiktionary.org/wiki/haggle
waylay,подстерегать,ungraded,WikDict,https://en.wiktionary.org/wiki/waylay
savant,учёный,ungraded,Vocoby,https://www.vocabulary.com/lists/52473
cohort,когорта,ungraded,WikDict,https://en.wiktionary.org/wiki/cohort
unction,помазание,ungraded,Vocoby,https://www.vocabulary.com/lists/52473
adjure,заклинать,ungraded,Vocoby,https://www.vocabulary.com/lists/52473
acrimony,язвительность,ungraded,Vocoby,https://www.vocabulary.com/lists/52473
clarion,горн,ungraded,WikDict,https://en.wiktionary.org/wiki/clarion
turbid,мутный,ungraded,Vocoby,https://www.vocabulary.com/lists/52473
cupidity,алчность,ungraded,WikDict,https://en.wiktionary.org/wiki/cupidity
disaffected,недовольный властью,ungraded,Vocoby,https://www.vocabulary.com/lists/52473
preternatural,сверхъестественный,ungraded,WikDict,https://en.wiktionary.org/wiki/preternatural
eschew,избегать,ungraded,WikDict,https://en.wiktionary.org/wiki/eschew
expatiate,разглагольствовать,ungraded,WikDict,https://en.wiktionary.org/wiki/expatiate
didactic,менторский,ungraded,WikDict,https://en.wiktionary.org/wiki/didactic
sinuous,волнистый,ungraded,WikDict,https://en.wiktionary.org/wiki/sinuous
rancor,злопамятство,ungraded,WikDict,https://en.wiktionary.org/wiki/rancor
puissant,могущественный,ungraded,WikDict,https://en.wiktionary.org/wiki/puissant
homespun,домотканный,ungraded,WikDict,https://en.wiktionary.org/wiki/homespun
embroil,впутать,ungraded,WikDict,https://en.wiktionary.org/wiki/embroil
pathological,патологический,ungraded,WikDict,https://en.wiktionary.org/wiki/pathological
resonant,звучный,ungraded,Vocoby,https://www.vocabulary.com/lists/52473
libretto,либретто,ungraded,WikDict,https://en.wiktionary.org/wiki/libretto
flail,цеп,ungraded,WikDict,https://en.wiktionary.org/wiki/flail
bandy,перебрасываться,ungraded,Vocoby,https://www.vocabulary.com/lists/52473
gratis,бесплатно,ungraded,Vocoby,https://www.vocabulary.com/lists/52473
upshot,итог,ungraded,Vocoby,https://www.vocabulary.com/lists/52473
aphorism,афоризм,ungraded,WikDict,https://en.wiktionary.org/wiki/aphorism
redoubtable,грозный,ungraded,Vocoby,https://www.vocabulary.com/lists/52473
corpulent,дородный,ungraded,WikDict,https://en.wiktionary.org/wiki/corpulent
benighted,невежественный,ungraded,Vocoby,https://www.vocabulary.com/lists/52473
sententious,менторский,ungraded,WikDict,https://en.wiktionary.org/wiki/sententious
cabal,клика,ungraded,WikDict,https://en.wiktionary.org/wiki/cabal
paraphernalia,принадлежности,ungraded,Vocoby,https://www.vocabulary.com/lists/52473
vitiate,развратить,ungraded,WikDict,https://en.wiktionary.org/wiki/vitiate
adulation,лесть,ungraded,WikDict,https://en.wiktionary.org/wiki/adulation
quaff,глотать,ungraded,WikDict,https://en.wiktionary.org/wiki/quaff
unassuming,скромный,ungraded,WikDict,https://en.wiktionary.org/wiki/unassuming
libertine,развратник,ungraded,WikDict,https://en.wiktionary.org/wiki/libertine
maul,истязать,ungraded,WikDict,https://en.wiktionary.org/wiki/maul
adage,пословица,ungraded,WikDict,https://en.wiktionary.org/wiki/adage
expostulation,увещевание,ungraded,Vocoby,https://www.vocabulary.com/lists/52473
tawdry,безвкусный,ungraded,WikDict,https://en.wiktionary.org/wiki/tawdry
trite,банальный,ungraded,WikDict,https://en.wiktionary.org/wiki/trite
hireling,наёмник,ungraded,Vocoby,https://www.vocabulary.com/lists/52473
ensconce,укрыть,ungraded,WikDict,https://en.wiktionary.org/wiki/ensconce
egregious,вопиющий,ungraded,WikDict,https://en.wiktionary.org/wiki/egregious
cogent,убедительный,ungraded,WikDict,https://en.wiktionary.org/wiki/cogent
incisive,проницательный,ungraded,Vocoby,https://www.vocabulary.com/lists/52473
errant,заблудший,ungraded,WikDict,https://en.wiktionary.org/wiki/errant
sedulous,прилежный,ungraded,WikDict,https://en.wiktionary.org/wiki/sedulous
incandescent,накалённый добела,ungraded,WikDict,https://en.wiktionary.org/wiki/incandescent
derelict,заброшенный,ungraded,Vocoby,https://www.vocabulary.com/lists/52473
entomology,энтомология,ungraded,WikDict,https://en.wiktionary.org/wiki/entomology
execrable,отвратительный,ungraded,WikDict,https://en.wiktionary.org/wiki/execrable
sluice,шлюз,ungraded,WikDict,https://en.wiktionary.org/wiki/sluice
moot,гипотетический,ungraded,WikDict,https://en.wiktionary.org/wiki/moot
evanescent,мимолётный,ungraded,Vocoby,https://www.vocabulary.com/lists/52473
vat,бак,ungraded,WikDict,https://en.wiktionary.org/wiki/vat
dapper,щеголеватый,ungraded,WikDict,https://en.wiktionary.org/wiki/dapper
asperity,жёсткость,ungraded,WikDict,https://en.wiktionary.org/wiki/asperity
flair,чутьё,ungraded,Vocoby,https://www.vocabulary.com/lists/52473
mote,пылинка,ungraded,WikDict,https://en.wiktionary.org/wiki/mote
circumspect,осмотрительный,ungraded,WikDict,https://en.wiktionary.org/wiki/circumspect
inimical,вредный,ungraded,WikDict,https://en.wiktionary.org/wiki/inimical
apropos,подходящий,ungraded,WikDict,https://en.wiktionary.org/wiki/apropos
gruel,кашица,ungraded,WikDict,https://en.wiktionary.org/wiki/gruel
gentility,благовоспитанность,ungraded,Vocoby,https://www.vocabulary.com/lists/52473
disapprobation,неодобрение,ungraded,Vocoby,https://www.vocabulary.com/lists/52473
cameo,камея,ungraded,WikDict,https://en.wiktionary.org/wiki/cameo
gouge,выколоть,ungraded,WikDict,https://en.wiktionary.org/wiki/gouge
oratorio,оратория,ungraded,WikDict,https://en.wiktionary.org/wiki/oratorio
inclement,ненастный,ungraded,WikDict,https://en.wiktionary.org/wiki/inclement
scintilla,крупица,ungraded,WikDict,https://en.wiktionary.org/wiki/scintilla
confluence,слияние,ungraded,WikDict,https://en.wiktionary.org/wiki/confluence
squalor,грязь,ungraded,WikDict,https://en.wiktionary.org/wiki/squalor
stricture,строгая критика,ungraded,Vocoby,https://www.vocabulary.com/lists/52473
emblazon,украшать гербом,ungraded,Vocoby,https://www.vocabulary.com/lists/52473
augury,предзнаменование,ungraded,Vocoby,https://www.vocabulary.com/lists/52473
abut,граничить,ungraded,WikDict,https://en.wiktionary.org/wiki/abut
banal,банальный,ungraded,WikDict,https://en.wiktionary.org/wiki/banal
congeal,замерзать,ungraded,WikDict,https://en.wiktionary.org/wiki/congeal
pilfer,воровать,ungraded,WikDict,https://en.wiktionary.org/wiki/pilfer
malcontent,недовольный человек,ungraded,Vocoby,https://www.vocabulary.com/lists/52473
sublimate,возгнать,ungraded,WikDict,https://en.wiktionary.org/wiki/sublimate
eugenic,евгенический,ungraded,Vocoby,https://www.vocabulary.com/lists/52473
lineament,черта лица,ungraded,Vocoby,https://www.vocabulary.com/lists/52473
firebrand,зачинщик,ungraded,WikDict,https://en.wiktionary.org/wiki/firebrand
fiasco,фиаско,ungraded,WikDict,https://en.wiktionary.org/wiki/fiasco
foolhardy,бесшабашный,ungraded,WikDict,https://en.wiktionary.org/wiki/foolhardy
retrench,сокращать расходы,ungraded,Vocoby,https://www.vocabulary.com/lists/52473
ulterior,скрытый,ungraded,Vocoby,https://www.vocabulary.com/lists/52473
equable,равномерный,ungraded,WikDict,https://en.wiktionary.org/wiki/equable
inured,привыкший к трудностям,ungraded,Vocoby,https://www.vocabulary.com/lists/52473
invidious,вызывающий неприязнь,ungraded,Vocoby,https://www.vocabulary.com/lists/52473
unmitigated,полный и безусловный,ungraded,Vocoby,https://www.vocabulary.com/lists/52473
concomitant,сопутствующий,ungraded,WikDict,https://en.wiktionary.org/wiki/concomitant
cozen,морочить,ungraded,WikDict,https://en.wiktionary.org/wiki/cozen
phlegmatic,флегматический,ungraded,WikDict,https://en.wiktionary.org/wiki/phlegmatic
dormer,слуховое окно,ungraded,Vocoby,https://www.vocabulary.com/lists/52473
pontifical,напыщенный,ungraded,Vocoby,https://www.vocabulary.com/lists/52473
disport,забавляться,ungraded,WikDict,https://en.wiktionary.org/wiki/disport
apologist,апологет,ungraded,WikDict,https://en.wiktionary.org/wiki/apologist
abeyance,приостановление,ungraded,WikDict,https://en.wiktionary.org/wiki/abeyance
enclave,анклав,ungraded,WikDict,https://en.wiktionary.org/wiki/enclave
improvident,непредусмотрительный,ungraded,Vocoby,https://www.vocabulary.com/lists/52473
disquisition,трактат,ungraded,WikDict,https://en.wiktionary.org/wiki/disquisition
categorical,категорический,ungraded,WikDict,https://en.wiktionary.org/wiki/categorical
placate,утихомиривать,ungraded,WikDict,https://en.wiktionary.org/wiki/placate
redolent,благоухающий,ungraded,Vocoby,https://www.vocabulary.com/lists/52473
felicitous,уместный,ungraded,WikDict,https://en.wiktionary.org/wiki/felicitous
gusty,порывистый,ungraded,WikDict,https://en.wiktionary.org/wiki/gusty
natty,модный,ungraded,WikDict,https://en.wiktionary.org/wiki/natty
pacifist,миролюб,ungraded,WikDict,https://en.wiktionary.org/wiki/pacifist
buxom,полногрудый,ungraded,WikDict,https://en.wiktionary.org/wiki/buxom
heyday,расцвет,ungraded,Vocoby,https://www.vocabulary.com/lists/52473
herculean,требующий огромных сил,ungraded,Vocoby,https://www.vocabulary.com/lists/52473
burgeon,распускаться,ungraded,WikDict,https://en.wiktionary.org/wiki/burgeon
crone,старуха,ungraded,WikDict,https://en.wiktionary.org/wiki/crone
prognosticate,прогнозировать,ungraded,WikDict,https://en.wiktionary.org/wiki/prognosticate
lout,хулиган,ungraded,WikDict,https://en.wiktionary.org/wiki/lout
simper,жеманно улыбаться,ungraded,Vocoby,https://www.vocabulary.com/lists/52473
iniquitous,неправедный,ungraded,WikDict,https://en.wiktionary.org/wiki/iniquitous
rile,раздражать,ungraded,WikDict,https://en.wiktionary.org/wiki/rile
sentient,разумный,ungraded,WikDict,https://en.wiktionary.org/wiki/sentient
garish,кричащий,ungraded,WikDict,https://en.wiktionary.org/wiki/garish
readjustment,повторная настройка,ungraded,Vocoby,https://www.vocabulary.com/lists/52473
erstwhile,былой,ungraded,WikDict,https://en.wiktionary.org/wiki/erstwhile
aquiline,орлиный,ungraded,WikDict,https://en.wiktionary.org/wiki/aquiline
bilious,желчный,ungraded,WikDict,https://en.wiktionary.org/wiki/bilious
vilify,поносить,ungraded,Vocoby,https://www.vocabulary.com/lists/52473
nuance,нюанс,ungraded,WikDict,https://en.wiktionary.org/wiki/nuance
gawk,глазеть,ungraded,Vocoby,https://www.vocabulary.com/lists/52473
refectory,столовая,ungraded,WikDict,https://en.wiktionary.org/wiki/refectory
palatial,дворцовый,ungraded,WikDict,https://en.wiktionary.org/wiki/palatial
mincing,жеманный,ungraded,Vocoby,https://www.vocabulary.com/lists/52473
trenchant,колкий,ungraded,WikDict,https://en.wiktionary.org/wiki/trenchant
emboss,выбить,ungraded,WikDict,https://en.wiktionary.org/wiki/emboss
proletarian,пролетарий,ungraded,WikDict,https://en.wiktionary.org/wiki/proletarian
careen,нестись с креном,ungraded,Vocoby,https://www.vocabulary.com/lists/52473
debacle,полный провал,ungraded,Vocoby,https://www.vocabulary.com/lists/52473
sycophant,льстец,ungraded,WikDict,https://en.wiktionary.org/wiki/sycophant
crabbed,сварливый,ungraded,Vocoby,https://www.vocabulary.com/lists/52473
archetype,архетип,ungraded,WikDict,https://en.wiktionary.org/wiki/archetype
cryptic,загадочный,ungraded,WikDict,https://en.wiktionary.org/wiki/cryptic
penchant,предпочтение,ungraded,WikDict,https://en.wiktionary.org/wiki/penchant
bauble,безделушка,ungraded,WikDict,https://en.wiktionary.org/wiki/bauble
mountebank,шарлатан,ungraded,Vocoby,https://www.vocabulary.com/lists/52473
fawning,подобострастный,ungraded,Vocoby,https://www.vocabulary.com/lists/52473
hummock,торос,ungraded,WikDict,https://en.wiktionary.org/wiki/hummock
apotheosis,обожествление,ungraded,WikDict,https://en.wiktionary.org/wiki/apotheosis
discretionary,на усмотрение,ungraded,Vocoby,https://www.vocabulary.com/lists/52473
pithy,сжатый,ungraded,WikDict,https://en.wiktionary.org/wiki/pithy
comport,вести себя,ungraded,WikDict,https://en.wiktionary.org/wiki/comport
checkered,изменчивый,ungraded,WikDict,https://en.wiktionary.org/wiki/checkered
ambrosia,амброзия,ungraded,WikDict,https://en.wiktionary.org/wiki/ambrosia
factious,раскольнический,ungraded,WikDict,https://en.wiktionary.org/wiki/factious
disgorge,извергать,ungraded,Vocoby,https://www.vocabulary.com/lists/52473
filch,украсть,ungraded,WikDict,https://en.wiktionary.org/wiki/filch
wraith,призрак,ungraded,WikDict,https://en.wiktionary.org/wiki/wraith
demonstrable,доказуемый,ungraded,WikDict,https://en.wiktionary.org/wiki/demonstrable
pertinacious,упорный,ungraded,Vocoby,https://www.vocabulary.com/lists/52473
emend,исправлять текст,ungraded,Vocoby,https://www.vocabulary.com/lists/52473
laggard,копуша,ungraded,WikDict,https://en.wiktionary.org/wiki/laggard
waffle,говорить без сути,ungraded,Vocoby,https://www.vocabulary.com/lists/52473
loquacious,болтливый,ungraded,WikDict,https://en.wiktionary.org/wiki/loquacious
venial,простительный,ungraded,Vocoby,https://www.vocabulary.com/lists/52473
peon,батрак,ungraded,WikDict,https://en.wiktionary.org/wiki/peon
effulgence,сияние,ungraded,Vocoby,https://www.vocabulary.com/lists/52473
lode,жила,ungraded,WikDict,https://en.wiktionary.org/wiki/lode
fanfare,фанфара,ungraded,WikDict,https://en.wiktionary.org/wiki/fanfare
dilettante,дилетант,ungraded,WikDict,https://en.wiktionary.org/wiki/dilettante
pusillanimous,малодушный,ungraded,WikDict,https://en.wiktionary.org/wiki/pusillanimous
ingrained,укоренившийся,ungraded,Vocoby,https://www.vocabulary.com/lists/52473
quagmire,трясина,ungraded,WikDict,https://en.wiktionary.org/wiki/quagmire
reprobation,осуждение,ungraded,Vocoby,https://www.vocabulary.com/lists/52473
mannered,манерный,ungraded,Vocoby,https://www.vocabulary.com/lists/52473
squeamish,брезгливый,ungraded,WikDict,https://en.wiktionary.org/wiki/squeamish
proclivity,склонность,ungraded,WikDict,https://en.wiktionary.org/wiki/proclivity
miserly,жадный,ungraded,WikDict,https://en.wiktionary.org/wiki/miserly
vapid,скучный,ungraded,Vocoby,https://www.vocabulary.com/lists/52473
mercurial,переменчивый,ungraded,Vocoby,https://www.vocabulary.com/lists/52473
perspicuous,понятный,ungraded,WikDict,https://en.wiktionary.org/wiki/perspicuous
nonplus,запутывать,ungraded,WikDict,https://en.wiktionary.org/wiki/nonplus
enamor,очаровать,ungraded,WikDict,https://en.wiktionary.org/wiki/enamor
hackneyed,банальный,ungraded,WikDict,https://en.wiktionary.org/wiki/hackneyed
spate,наплыв,ungraded,WikDict,https://en.wiktionary.org/wiki/spate
pedagogue,педагог,ungraded,Vocoby,https://www.vocabulary.com/lists/52473
acme,кульминация,ungraded,WikDict,https://en.wiktionary.org/wiki/acme
masticate,жевать,ungraded,Vocoby,https://www.vocabulary.com/lists/52473
sinecure,синекура,ungraded,WikDict,https://en.wiktionary.org/wiki/sinecure
indite,сочинять,ungraded,Vocoby,https://www.vocabulary.com/lists/52473
emetic,рвотное,ungraded,WikDict,https://en.wiktionary.org/wiki/emetic
temporize,тянуть время,ungraded,Vocoby,https://www.vocabulary.com/lists/52473
unimpeachable,безупречный,ungraded,Vocoby,https://www.vocabulary.com/lists/52473
genesis,генезис,ungraded,WikDict,https://en.wiktionary.org/wiki/genesis
mordant,язвительный,ungraded,Vocoby,https://www.vocabulary.com/lists/52473
smattering,поверхностные знания,ungraded,Vocoby,https://www.vocabulary.com/lists/52473
suavity,обходительность,ungraded,Vocoby,https://www.vocabulary.com/lists/52473
stentorian,громовой,ungraded,WikDict,https://en.wiktionary.org/wiki/stentorian
junket,увеселительная поездка,ungraded,Vocoby,https://www.vocabulary.com/lists/52473
appurtenance,снаряжение,ungraded,WikDict,https://en.wiktionary.org/wiki/appurtenance
nostrum,панацея,ungraded,WikDict,https://en.wiktionary.org/wiki/nostrum
immure,заточать,ungraded,WikDict,https://en.wiktionary.org/wiki/immure
astringent,вяжущий,ungraded,WikDict,https://en.wiktionary.org/wiki/astringent
unfaltering,непоколебимый,ungraded,Vocoby,https://www.vocabulary.com/lists/52473
tutelage,опекунство,ungraded,WikDict,https://en.wiktionary.org/wiki/tutelage
testator,завещатель,ungraded,WikDict,https://en.wiktionary.org/wiki/testator
elysian,райский,ungraded,Vocoby,https://www.vocabulary.com/lists/52473
fulminate,порицать,ungraded,WikDict,https://en.wiktionary.org/wiki/fulminate
fractious,капризный,ungraded,WikDict,https://en.wiktionary.org/wiki/fractious
pummel,колотить,ungraded,Vocoby,https://www.vocabulary.com/lists/52473
manumit,освобождать,ungraded,WikDict,https://en.wiktionary.org/wiki/manumit
unexceptionable,не вызывающий возражений,ungraded,Vocoby,https://www.vocabulary.com/lists/52473
triumvirate,трио,ungraded,WikDict,https://en.wiktionary.org/wiki/triumvirate
sybarite,сибарит,ungraded,WikDict,https://en.wiktionary.org/wiki/sybarite
jibe,согласовываться,ungraded,Vocoby,https://www.vocabulary.com/lists/52473
magisterial,властный,ungraded,Vocoby,https://www.vocabulary.com/lists/52473
roseate,розовый,ungraded,Vocoby,https://www.vocabulary.com/lists/52473
obloquy,злословие,ungraded,WikDict,https://en.wiktionary.org/wiki/obloquy
hoodwink,обманывать,ungraded,WikDict,https://en.wiktionary.org/wiki/hoodwink
striate,покрывать бороздками,ungraded,Vocoby,https://www.vocabulary.com/lists/52473
arrogate,самовольно присваивать,ungraded,Vocoby,https://www.vocabulary.com/lists/52473
rarefied,утончённый,ungraded,WikDict,https://en.wiktionary.org/wiki/rarefied
chary,осторожный,ungraded,Vocoby,https://www.vocabulary.com/lists/52473
credo,кредо,ungraded,WikDict,https://en.wiktionary.org/wiki/credo
superannuated,устаревший,ungraded,WikDict,https://en.wiktionary.org/wiki/superannuated
impolitic,неблагоразумный,ungraded,Vocoby,https://www.vocabulary.com/lists/52473
aspersion,клевета,ungraded,Vocoby,https://www.vocabulary.com/lists/52473
abysmal,бездонный,ungraded,WikDict,https://en.wiktionary.org/wiki/abysmal
poignancy,щемящая острота,ungraded,Vocoby,https://www.vocabulary.com/lists/52473
stilted,неестественный,ungraded,Vocoby,https://www.vocabulary.com/lists/52473
effete,истощённый,ungraded,WikDict,https://en.wiktionary.org/wiki/effete
provender,корм,ungraded,Vocoby,https://www.vocabulary.com/lists/52473
endemic,эндемический,ungraded,WikDict,https://en.wiktionary.org/wiki/endemic
jocund,весёлый,ungraded,WikDict,https://en.wiktionary.org/wiki/jocund
procedural,процедурный,ungraded,WikDict,https://en.wiktionary.org/wiki/procedural
rakish,лихой,ungraded,Vocoby,https://www.vocabulary.com/lists/52473
skittish,боязливый,ungraded,WikDict,https://en.wiktionary.org/wiki/skittish
peroration,заключение речи,ungraded,Vocoby,https://www.vocabulary.com/lists/52473
nonentity,ничтожество,ungraded,WikDict,https://en.wiktionary.org/wiki/nonentity
abstemious,воздержанный,ungraded,WikDict,https://en.wiktionary.org/wiki/abstemious
viscid,клейкий,ungraded,WikDict,https://en.wiktionary.org/wiki/viscid
doggerel,бездарные стихи,ungraded,Vocoby,https://www.vocabulary.com/lists/52473
sleight,ловкость рук,ungraded,Vocoby,https://www.vocabulary.com/lists/52473
rubric,категория,ungraded,WikDict,https://en.wiktionary.org/wiki/rubric
plenitude,изобилие,ungraded,WikDict,https://en.wiktionary.org/wiki/plenitude
rebus,ребус,ungraded,WikDict,https://en.wiktionary.org/wiki/rebus
wizened,сморщенный,ungraded,Vocoby,https://www.vocabulary.com/lists/52473
whorl,завиток,ungraded,Vocoby,https://www.vocabulary.com/lists/52473
fracas,скандал,ungraded,WikDict,https://en.wiktionary.org/wiki/fracas
iconoclast,иконоборец,ungraded,WikDict,https://en.wiktionary.org/wiki/iconoclast
saturnine,мрачный,ungraded,WikDict,https://en.wiktionary.org/wiki/saturnine
madrigal,мадригал,ungraded,WikDict,https://en.wiktionary.org/wiki/madrigal
discursive,отклоняющийся от темы,ungraded,Vocoby,https://www.vocabulary.com/lists/52473
zealot,фанатик,ungraded,Vocoby,https://www.vocabulary.com/lists/52473
moribund,умирающий,ungraded,Vocoby,https://www.vocabulary.com/lists/52473
modicum,малость,ungraded,WikDict,https://en.wiktionary.org/wiki/modicum
connotation,коннотация,ungraded,WikDict,https://en.wiktionary.org/wiki/connotation
adventitious,случайный,ungraded,Vocoby,https://www.vocabulary.com/lists/52473
recondite,замысловатый,ungraded,WikDict,https://en.wiktionary.org/wiki/recondite
zephyr,ветерок,ungraded,WikDict,https://en.wiktionary.org/wiki/zephyr
countermand,отменять приказ,ungraded,Vocoby,https://www.vocabulary.com/lists/52473
captious,каверзный,ungraded,WikDict,https://en.wiktionary.org/wiki/captious
cognate,родственный,ungraded,Vocoby,https://www.vocabulary.com/lists/52473
forebear,предок,ungraded,WikDict,https://en.wiktionary.org/wiki/forebear
cadaverous,трупный,ungraded,WikDict,https://en.wiktionary.org/wiki/cadaverous
foist,навязывать,ungraded,WikDict,https://en.wiktionary.org/wiki/foist
dotage,старческое слабоумие,ungraded,Vocoby,https://www.vocabulary.com/lists/52473
nexus,связь,ungraded,WikDict,https://en.wiktionary.org/wiki/nexus
choleric,вспыльчивый,ungraded,Vocoby,https://www.vocabulary.com/lists/52473
garble,искажать,ungraded,WikDict,https://en.wiktionary.org/wiki/garble
bucolic,пасторальный,ungraded,WikDict,https://en.wiktionary.org/wiki/bucolic
denouement,развязка,ungraded,Vocoby,https://www.vocabulary.com/lists/52473
animus,враждебность,ungraded,Vocoby,https://www.vocabulary.com/lists/52473
overweening,самонадеянный,ungraded,WikDict,https://en.wiktionary.org/wiki/overweening
tyro,новичок,ungraded,Vocoby,https://www.vocabulary.com/lists/52473
preen,почиститься,ungraded,WikDict,https://en.wiktionary.org/wiki/preen
largesse,щедрость,ungraded,WikDict,https://en.wiktionary.org/wiki/largesse
retentive,хорошо запоминающий,ungraded,Vocoby,https://www.vocabulary.com/lists/52473
unconscionable,бессовестный,ungraded,WikDict,https://en.wiktionary.org/wiki/unconscionable
badinage,дружеские шутки,ungraded,Vocoby,https://www.vocabulary.com/lists/52473
insensate,безрассудный,ungraded,WikDict,https://en.wiktionary.org/wiki/insensate
sherbet,шербет,ungraded,WikDict,https://en.wiktionary.org/wiki/sherbet
beatific,блаженный,ungraded,Vocoby,https://www.vocabulary.com/lists/52473
bemuse,ошеломлять,ungraded,WikDict,https://en.wiktionary.org/wiki/bemuse
microcosm,микрокосм,ungraded,WikDict,https://en.wiktionary.org/wiki/microcosm
factitious,искусственный,ungraded,WikDict,https://en.wiktionary.org/wiki/factitious
gestate,вынашивать,ungraded,Vocoby,https://www.vocabulary.com/lists/52473
traduce,злословить,ungraded,WikDict,https://en.wiktionary.org/wiki/traduce
sextant,секстан,ungraded,WikDict,https://en.wiktionary.org/wiki/sextant
coiffure,причёска,ungraded,Vocoby,https://www.vocabulary.com/lists/52473
malleable,ковкий,ungraded,WikDict,https://en.wiktionary.org/wiki/malleable
rococo,рококо,ungraded,WikDict,https://en.wiktionary.org/wiki/rococo
fructify,приносить плоды,ungraded,Vocoby,https://www.vocabulary.com/lists/52473
nihilist,нигилист,ungraded,WikDict,https://en.wiktionary.org/wiki/nihilist
ellipsis,опущение,ungraded,WikDict,https://en.wiktionary.org/wiki/ellipsis
accolade,признание заслуг,ungraded,Vocoby,https://www.vocabulary.com/lists/52473
codicil,кодицил,ungraded,WikDict,https://en.wiktionary.org/wiki/codicil
roil,взбалтывать,ungraded,WikDict,https://en.wiktionary.org/wiki/roil
grandiloquent,напыщенный,ungraded,WikDict,https://en.wiktionary.org/wiki/grandiloquent
inconsequential,незначительный,ungraded,WikDict,https://en.wiktionary.org/wiki/inconsequential
effervescence,бурное оживление,ungraded,Vocoby,https://www.vocabulary.com/lists/52473
stultify,делать бессмысленным,ungraded,Vocoby,https://www.vocabulary.com/lists/52473
tureen,супник,ungraded,WikDict,https://en.wiktionary.org/wiki/tureen
pellucid,прозрачный,ungraded,Vocoby,https://www.vocabulary.com/lists/52473
euphony,благозвучие,ungraded,WikDict,https://en.wiktionary.org/wiki/euphony
apocryphal,апокрифический,ungraded,WikDict,https://en.wiktionary.org/wiki/apocryphal
veracious,правдивый,ungraded,Vocoby,https://www.vocabulary.com/lists/52473
pendulous,свисающий,ungraded,Vocoby,https://www.vocabulary.com/lists/52473
exegesis,экзегеза,ungraded,WikDict,https://en.wiktionary.org/wiki/exegesis
effluvium,испарение,ungraded,WikDict,https://en.wiktionary.org/wiki/effluvium
apposite,уместный,ungraded,Vocoby,https://www.vocabulary.com/lists/52473
viscous,вязкий,ungraded,WikDict,https://en.wiktionary.org/wiki/viscous
misanthrope,мизантроп,ungraded,WikDict,https://en.wiktionary.org/wiki/misanthrope
vintner,винодел,ungraded,WikDict,https://en.wiktionary.org/wiki/vintner
halcyon,безмятежный,ungraded,Vocoby,https://www.vocabulary.com/lists/52473
anthropomorphic,антропоморфный,ungraded,WikDict,https://en.wiktionary.org/wiki/anthropomorphic
turgid,напыщенный,ungraded,WikDict,https://en.wiktionary.org/wiki/turgid
malaise,дискомфорт,ungraded,WikDict,https://en.wiktionary.org/wiki/malaise
polemical,полемический,ungraded,Vocoby,https://www.vocabulary.com/lists/52473
gadfly,назойливый критик,ungraded,Vocoby,https://www.vocabulary.com/lists/52473
atavism,атавизм,ungraded,WikDict,https://en.wiktionary.org/wiki/atavism
contusion,ушиб,ungraded,WikDict,https://en.wiktionary.org/wiki/contusion
parsimonious,бережливый,ungraded,WikDict,https://en.wiktionary.org/wiki/parsimonious
dulcet,мелодичный,ungraded,WikDict,https://en.wiktionary.org/wiki/dulcet
reprise,повторять,ungraded,WikDict,https://en.wiktionary.org/wiki/reprise
anodyne,болеутоляющее,ungraded,Vocoby,https://www.vocabulary.com/lists/52473
bemused,озадаченный,ungraded,Vocoby,https://www.vocabulary.com/lists/52473
